phone,state,account_length,international_plan,voice_mail_plan,number_vmail_messages,total_day_minutes,total_day_calls,total_day_charge,total_eve_minutes,total_eve_calls,total_eve_charge,total_night_minutes,total_night_calls,total_night_charge,total_intl_minutes,total_intl_calls,total_intl_charge,number_customer_service_calls
(415) 937-4237,KS,128,no,yes,25,265.1,110,45.07,197.4,99,16.78,244.7,91,11.01,10.0,3,2.7,1
(510) 369-5207,AL,118,yes,no,0,223.4,98,37.98,220.6,101,18.75,203.9,118,9.18,6.3,6,1.7,0
(415) 244-7247,IA,62,no,no,0,120.7,70,20.52,307.2,76,26.11,203.0,99,9.14,13.1,6,3.54,4
(510) 296-6059,VT,93,no,no,0,190.7,114,32.42,218.2,111,18.55,129.6,121,5.83,8.1,3,2.19,3
(415) 300-2857,NE,174,no,no,0,124.3,76,21.13,277.1,112,23.55,250.7,115,11.28,15.5,5,4.19,3
(415) 461-0099,IL,142,no,no,0,84.8,95,14.42,136.7,63,11.62,250.5,148,11.27,14.2,6,3.83,2
(408) 284-7309,LA,172,no,no,0,212.0,121,36.04,31.2,115,2.65,293.3,78,13.2,12.6,10,3.4,3
(415) 502-8191,GA,72,no,yes,37,220.0,80,37.4,217.3,102,18.47,152.8,71,6.88,14.7,6,3.97,3
(408) 230-3254,NJ,149,no,no,0,140.4,94,23.87,271.8,92,23.1,188.3,108,8.47,11.1,9,3.0,1
(415) 599-0658,ID,119,no,no,0,159.1,114,27.05,231.3,117,19.66,143.2,91,6.44,8.8,3,2.38,5
(415) 949-3915,WY,87,no,no,0,151.0,83,25.67,219.7,116,18.67,203.9,127,9.18,9.7,3,2.62,5
(415) 373-1999,WI,68,no,no,0,148.8,70,25.3,246.5,164,20.95,129.8,103,5.84,12.1,3,3.27,3
(510) 123-2509,MN,74,no,yes,33,193.7,91,32.93,246.1,96,20.92,138.0,92,6.21,14.6,3,3.94,2
(408) 240-4930,CO,55,no,yes,25,165.6,123,28.15,136.1,95,11.57,175.7,90,7.91,11.0,2,2.97,3
(510) 839-8723,TX,106,no,no,0,210.6,96,35.8,249.2,85,21.18,191.4,88,8.61,12.4,1,3.35,2
(408) 845-3780,AK,104,no,no,0,278.4,106,47.33,81.0,113,6.89,163.2,137,7.34,9.8,5,2.65,1
(415) 346-4061,VT,135,no,no,0,151.7,82,25.79,119.0,105,10.12,180.0,100,8.1,10.5,6,2.84,0
(415) 873-5305,CO,141,no,yes,32,148.6,91,25.26,131.1,97,11.14,219.4,142,9.87,10.1,1,2.73,1
(415) 505-2047,MA,103,no,no,0,185.0,117,31.45,223.3,94,18.98,222.8,91,10.03,12.6,2,3.4,2
(510) 693-5532,MO,112,no,yes,36,113.7,117,19.33,157.5,82,13.39,177.6,118,7.99,10.0,3,2.7,2
(408) 955-4370,ID,97,no,no,0,239.8,125,40.77,214.8,111,18.26,143.3,81,6.45,8.7,5,2.35,2
(408) 251-4781,NE,131,no,yes,36,214.2,115,36.41,161.7,117,13.74,264.7,102,11.91,9.5,4,2.57,3
(415) 898-4286,NY,75,no,yes,21,175.8,97,29.89,217.5,106,18.49,237.5,134,10.69,5.3,4,1.43,5
(510) 200-8522,FL,91,no,no,0,203.1,106,34.53,210.1,113,17.86,195.6,129,8.8,12.0,3,3.24,3
(415) 947-3026,MI,140,no,no,0,231.9,101,39.42,160.1,94,13.61,110.4,98,4.97,14.3,6,3.86,3
(408) 776-4382,WA,127,no,no,0,146.7,91,24.94,203.5,78,17.3,203.4,110,9.15,13.7,3,3.7,1
(408) 933-5733,UT,83,yes,no,0,271.5,87,46.16,216.3,126,18.39,121.1,105,5.45,11.7,4,3.16,1
(415) 370-9659,SC,87,no,no,0,136.3,97,23.17,172.2,108,14.64,137.5,101,6.19,7.1,5,1.92,0
(510) 811-3230,IA,141,no,yes,36,187.5,99,31.88,241.4,116,20.52,229.5,105,10.33,10.5,5,2.84,3
(415) 100-8001,OK,146,no,no,0,206.3,151,35.07,148.6,89,12.63,167.2,91,7.52,6.1,3,1.65,1
(415) 508-0653,DE,92,no,yes,33,243.1,92,41.33,213.8,92,18.17,228.7,104,10.29,12.1,2,3.27,2
(408) 413-0763,NH,64,no,yes,27,182.1,91,30.96,169.7,98,14.42,164.7,86,7.41,10.6,5,2.86,2
(415) 847-5670,MI,127,no,no,0,202.1,103,34.36,229.4,86,19.5,195.2,113,8.78,11.5,3,3.11,2
(510) 170-5041,WY,164,no,no,0,160.6,111,27.3,163.2,126,13.87,187.1,112,8.42,9.0,3,2.43,1
(415) 931-9928,CO,107,no,no,0,133.8,85,22.75,180.5,94,15.34,112.2,115,5.05,8.9,4,2.4,0
(415) 608-9496,PA,82,no,yes,24,155.2,131,26.38,244.5,106,20.78,122.4,68,5.51,10.7,3,2.89,1
(408) 822-9628,AZ,86,no,yes,31,167.6,139,28.49,113.0,118,9.61,246.9,121,11.11,12.2,6,3.29,1
(510) 733-9773,FL,70,yes,no,0,226.7,98,38.54,228.1,115,19.39,73.2,93,3.29,17.6,4,4.75,2
(415) 209-5999,FL,93,no,no,0,151.4,89,25.74,186.4,76,15.84,172.5,120,7.76,10.9,3,2.94,0
(415) 842-5627,MD,136,no,no,0,250.2,121,42.53,267.1,118,22.7,151.0,114,6.8,13.0,2,3.51,1
(415) 992-8921,VA,104,no,yes,23,280.2,136,47.63,220.5,92,18.74,136.9,102,6.16,13.3,3,3.59,4
(415) 560-3064,AL,73,no,no,0,192.2,86,32.67,168.6,116,14.33,139.8,87,6.29,9.4,6,2.54,1
(415) 815-8534,IN,36,no,no,0,253.4,77,43.08,182.4,151,15.5,275.8,103,12.41,8.4,2,2.27,1
(408) 944-7192,VA,108,no,no,0,198.5,99,33.75,267.8,60,22.76,354.9,75,15.97,9.4,3,2.54,0
(510) 620-5931,NM,119,no,yes,23,154.0,114,26.18,278.0,137,23.63,228.4,112,10.28,11.8,4,3.19,2
(408) 109-5999,MS,82,no,no,0,207.0,90,35.19,232.9,83,19.8,172.4,108,7.76,9.1,8,2.46,3
(510) 434-2700,MO,64,no,yes,48,94.4,104,16.05,136.2,101,11.58,147.4,89,6.63,4.5,4,1.22,0
(415) 423-9074,WA,83,no,no,0,221.4,103,37.64,231.8,103,19.7,122.5,100,5.51,9.8,5,2.65,3
(415) 389-4005,MI,86,no,yes,28,221.6,74,37.67,288.4,100,24.51,240.3,105,10.81,9.0,2,2.43,1
(415) 328-2607,DE,71,no,no,0,197.9,108,33.64,181.5,109,15.43,281.4,56,12.66,6.7,5,1.81,3
(415) 781-2424,CT,96,no,yes,37,172.7,93,29.36,120.1,116,10.21,216.1,86,9.72,10.3,5,2.78,5
(415) 506-3622,MN,94,no,no,0,181.5,98,30.86,199.9,88,16.99,287.7,114,12.95,6.6,5,1.78,1
(408) 808-7552,RI,121,no,no,0,170.4,108,28.97,350.5,68,29.79,297.0,87,13.37,11.2,3,3.02,0
(510) 734-8070,ID,173,no,yes,21,232.4,96,39.51,211.9,118,18.01,273.0,102,12.29,5.0,5,1.35,3
(510) 785-1907,SD,128,yes,yes,32,223.5,81,38.0,188.8,74,16.05,154.9,101,6.97,9.4,2,2.54,2
(510) 831-5182,MT,66,no,no,0,201.3,95,34.22,152.8,66,12.99,233.2,101,10.49,7.5,4,2.03,1
(510) 186-5294,OR,77,no,no,0,233.8,104,39.75,266.5,94,22.65,212.7,104,9.57,7.6,3,2.05,2
(415) 933-9718,MN,101,no,no,0,183.9,115,31.26,255.9,101,21.75,275.0,145,12.38,10.8,11,2.92,1
(510) 708-3574,FL,100,no,no,0,107.0,63,18.19,105.7,67,8.98,243.1,74,10.94,12.8,3,3.46,4
(415) 652-6467,ME,31,no,no,0,166.1,105,28.24,79.3,93,6.74,213.7,98,9.62,12.7,2,3.43,1
(408) 109-9186,CA,124,yes,no,0,244.6,89,41.58,188.8,80,16.05,206.0,114,9.27,11.3,4,3.05,1
(408) 261-7047,NE,37,yes,yes,39,149.7,122,25.45,211.1,75,17.94,114.3,90,5.14,9.2,4,2.48,1
(415) 449-6040,CO,154,no,no,0,350.8,75,59.64,216.5,94,18.4,253.9,100,11.43,10.1,9,2.73,1
(415) 349-7168,MA,128,no,no,0,195.6,99,33.25,267.8,120,22.76,164.9,76,7.42,16.0,2,4.32,0
(415) 196-6547,AZ,90,no,no,0,179.2,77,30.46,210.7,99,17.91,276.9,58,12.46,9.2,6,2.48,2
(415) 421-4079,CT,99,no,no,0,146.7,64,24.94,274.0,99,23.29,321.3,98,14.46,8.9,1,2.4,3
(510) 515-5989,MS,150,no,no,0,126.0,99,21.42,238.5,73,20.27,285.1,100,12.83,10.2,6,2.75,3
(408) 190-2909,TX,84,no,no,0,138.6,102,23.56,199.0,93,16.92,204.1,137,9.18,7.8,4,2.11,0
(415) 419-6403,OR,94,no,no,0,234.4,103,39.85,279.3,109,23.74,234.2,121,10.54,2.0,2,0.54,1
(415) 277-5570,GA,98,no,yes,31,121.0,105,20.57,218.9,98,18.61,226.7,110,10.2,12.0,1,3.24,1
(415) 903-4405,OH,73,no,no,0,183.4,80,31.18,242.0,115,20.57,201.4,100,9.06,7.5,3,2.03,4
(415) 821-8205,MS,126,no,no,0,256.5,112,43.61,199.5,90,16.96,188.3,122,8.47,7.0,5,1.89,3
(415) 927-7540,DE,113,no,no,0,239.7,47,40.75,282.9,110,24.05,238.4,88,10.73,8.7,3,2.35,2
(415) 193-6058,NM,155,no,no,0,190.3,123,32.35,301.3,96,25.61,214.6,134,9.66,8.0,3,2.16,1
(510) 470-3469,AR,59,no,yes,29,133.1,114,22.63,221.2,82,18.8,131.6,103,5.92,6.8,3,1.84,1
(510) 913-3799,TX,70,no,no,0,59.5,103,10.12,257.2,106,21.86,208.3,86,9.37,11.1,6,3.0,0
(415) 626-8818,GA,75,no,no,0,117.3,114,19.94,201.1,61,17.09,107.9,82,4.86,12.2,3,3.29,1
(415) 671-9813,DC,11,no,yes,28,190.6,86,32.4,220.1,122,18.71,180.3,80,8.11,6.0,3,1.62,3
(415) 789-9342,ND,105,no,yes,23,193.5,85,32.9,220.2,90,18.72,272.4,111,12.26,8.5,5,2.3,0
(415) 517-3565,MD,112,no,no,0,170.4,103,28.97,200.2,71,17.02,258.3,100,11.62,11.6,4,3.13,1
(415) 604-0427,AZ,86,no,yes,32,70.9,163,12.05,166.7,121,14.17,244.9,105,11.02,11.1,5,3.0,3
(510) 824-5987,AR,74,no,no,0,148.5,111,25.25,146.5,42,12.45,289.2,83,13.01,9.9,6,2.67,3
(510) 730-5117,UT,50,no,no,0,258.1,106,43.88,161.4,106,13.72,225.1,110,10.13,11.7,5,3.16,1
(415) 609-3925,IN,78,no,no,0,208.9,119,35.51,252.4,132,21.45,280.2,120,12.61,12.8,7,3.46,0
(415) 979-8545,CA,93,no,yes,36,178.7,134,30.38,178.6,102,15.18,126.8,82,5.71,8.0,4,2.16,2
(415) 598-5989,AL,144,no,no,0,177.5,93,30.18,287.4,75,24.43,180.5,118,8.12,11.9,3,3.21,2
(415) 923-9795,WV,95,no,no,0,175.2,91,29.78,244.4,109,20.77,75.8,95,3.41,7.5,2,2.03,1
(415) 882-1182,FL,124,no,yes,28,251.4,104,42.74,225.1,89,19.13,251.9,121,11.34,7.5,5,2.03,1
(510) 626-6868,ID,148,no,yes,14,93.6,137,15.91,193.8,72,16.47,144.9,84,6.52,17.5,5,4.73,1
(408) 509-7303,OK,176,no,no,0,47.4,125,8.06,167.8,90,14.26,163.1,107,7.34,10.5,8,2.84,2
(415) 643-5106,NY,47,no,yes,37,163.5,77,27.8,203.1,102,17.26,232.0,87,10.44,7.8,4,2.11,2
(510) 580-7165,LA,67,no,no,0,310.4,97,52.77,66.5,123,5.65,246.5,99,11.09,9.2,10,2.48,4
(415) 657-8602,TX,128,no,yes,40,171.2,88,29.1,145.7,109,12.38,196.8,93,8.86,14.0,6,3.78,1
(415) 269-9108,AK,111,no,no,0,172.8,58,29.38,183.1,108,15.56,158.8,104,7.15,7.9,3,2.13,4
(415) 892-4494,NY,157,no,no,0,224.5,111,38.17,200.7,99,17.06,116.6,118,5.25,11.5,2,3.11,2
(510) 237-9082,UT,61,yes,no,0,78.2,103,13.29,195.9,149,16.65,108.0,100,4.86,10.1,6,2.73,2
(415) 515-3149,NM,65,no,no,0,148.7,80,25.28,259.0,94,22.02,149.5,107,6.73,12.7,6,3.43,2
(408) 538-2574,NJ,123,no,no,0,159.5,77,27.12,303.8,92,25.82,226.9,120,10.21,12.0,4,3.24,0
(408) 357-1077,RI,53,no,yes,18,146.8,107,24.96,310.0,84,26.35,178.7,130,8.04,7.2,7,1.94,0
(408) 106-1779,NC,133,yes,yes,32,221.1,137,37.59,264.9,99,22.52,168.9,108,7.6,15.4,4,4.16,2
(415) 797-8909,FL,92,no,no,0,201.9,74,34.32,226.8,119,19.28,217.5,80,9.79,13.7,6,3.7,3
(408) 455-3587,AL,109,no,no,0,218.9,105,37.21,299.9,87,25.49,158.6,110,7.14,11.3,4,3.05,2
(408) 148-5797,HI,87,no,yes,28,151.4,95,25.74,152.4,97,12.95,250.1,109,11.25,0.0,0,0.0,1
(415) 825-2303,AZ,84,no,no,0,159.0,80,27.03,167.9,128,14.27,167.6,101,7.54,12.3,5,3.32,1
(415) 150-3149,MA,62,yes,no,0,159.7,86,27.15,197.5,76,16.79,121.6,105,5.47,13.9,6,3.75,0
(415) 135-3218,WY,111,no,no,0,146.2,55,24.85,261.5,83,22.23,163.2,116,7.34,8.7,3,2.35,3
(510) 252-3205,PA,91,no,no,0,231.8,120,39.41,150.6,106,12.8,269.2,129,12.11,11.6,7,3.13,3
(510) 911-5352,DC,126,no,no,0,122.4,88,20.81,143.8,111,12.22,157.0,106,7.07,11.5,3,3.11,1
(415) 450-9923,GA,76,no,no,0,299.5,125,50.92,226.7,92,19.27,210.7,134,9.48,13.7,4,3.7,0
(408) 221-7384,WV,153,no,yes,28,235.6,74,40.05,227.9,37,19.37,170.3,103,7.66,15.4,9,4.16,0
(415) 879-1664,AR,54,no,yes,39,206.9,143,35.17,127.8,72,10.86,199.2,120,8.96,9.2,1,2.48,3
(415) 604-6854,NE,63,no,no,0,211.2,80,35.9,237.7,93,20.2,259.2,58,11.66,12.3,2,3.32,0
(510) 674-7397,MT,27,no,no,0,193.8,102,32.95,118.9,104,10.11,135.9,124,6.12,9.2,3,2.48,0
(415) 265-9325,CT,3,no,yes,36,118.1,117,20.08,221.5,125,18.83,103.9,89,4.68,11.9,6,3.21,2
(408) 908-8332,MA,42,no,no,0,241.2,134,41.0,116.5,114,9.9,152.2,91,6.85,10.6,4,2.86,0
(510) 568-4259,MN,13,no,yes,21,315.6,105,53.65,208.9,71,17.76,260.1,123,11.7,12.1,3,3.27,3
(415) 283-8428,KS,88,no,no,0,189.8,111,32.27,197.3,101,16.77,234.5,111,10.55,14.9,3,4.02,2
(415) 860-4310,HI,99,no,no,0,62.9,81,10.69,231.0,64,19.64,168.9,121,7.6,8.5,5,2.3,1
(510) 773-7531,WY,129,no,no,0,143.7,114,24.43,297.8,98,25.31,212.6,86,9.57,11.4,8,3.08,4
(510) 243-9632,MI,78,no,no,0,137.4,109,23.36,237.6,49,20.2,206.7,136,9.3,14.0,11,3.78,3
(408) 163-4279,NM,85,no,yes,37,229.6,123,39.03,132.3,90,11.25,211.9,76,9.54,9.5,8,2.57,2
(415) 148-9789,UT,68,no,no,0,162.1,86,27.56,155.0,86,13.18,189.7,87,8.54,11.0,9,2.97,5
(510) 667-5322,KS,68,no,no,0,159.5,123,27.12,240.8,93,20.47,210.3,76,9.46,11.4,3,3.08,1
(415) 726-9024,MT,78,no,no,0,191.7,122,32.59,241.4,88,20.52,203.5,86,9.16,9.1,5,2.46,1
(510) 129-9502,NM,87,yes,no,0,167.3,119,28.44,198.5,119,16.87,133.1,88,5.99,11.0,6,2.97,1
(415) 172-0822,OR,69,no,no,0,167.5,76,28.48,242.1,92,20.58,101.2,103,4.55,11.4,4,3.08,2
(415) 438-0481,CA,113,no,no,0,187.6,97,31.89,208.2,118,17.7,158.9,101,7.15,8.7,6,2.35,2
(415) 461-4711,OR,80,no,no,0,161.1,99,27.39,198.8,81,16.9,228.4,116,10.28,10.6,4,2.86,1
(510) 715-9804,MS,107,yes,no,0,273.5,104,46.5,183.8,68,15.62,153.8,67,6.92,11.0,9,2.97,2
(408) 579-6144,SD,85,no,no,0,209.8,82,35.67,194.5,94,16.53,200.4,85,9.02,11.3,3,3.05,0
(408) 295-3639,WI,45,no,no,0,112.8,108,19.18,218.8,120,18.6,240.2,106,10.81,9.0,3,2.43,2
(408) 121-2972,WV,137,no,no,0,174.4,120,29.65,156.3,98,13.29,136.5,121,6.14,10.2,5,2.75,0
(510) 775-0138,OH,61,yes,yes,16,143.5,76,24.4,242.6,58,20.62,147.7,95,6.65,11.3,3,3.05,0
(415) 567-6519,AL,134,no,no,0,178.0,110,30.26,153.8,64,13.07,236.6,105,10.65,11.7,4,3.16,1
(510) 356-3594,DE,147,no,no,0,209.4,104,35.6,132.5,78,11.26,149.4,123,6.72,11.3,3,3.05,2
(510) 839-6696,IL,138,yes,no,0,169.3,82,28.78,217.9,147,18.52,184.2,77,8.29,9.4,9,2.54,1
(415) 991-9080,DC,88,no,yes,17,219.5,78,37.32,222.1,94,18.88,188.3,92,8.47,16.1,5,4.35,1
(415) 805-8251,FL,144,no,yes,51,283.9,98,48.26,192.0,109,16.32,196.3,85,8.83,10.0,4,2.7,1
(415) 387-8363,MO,120,no,yes,24,212.7,73,36.16,257.5,103,21.89,227.8,119,10.25,9.7,13,2.62,2
(408) 619-0859,OH,123,no,no,0,105.0,150,17.85,251.6,90,21.39,258.0,93,11.61,14.9,5,4.02,0
(510) 632-8273,MA,98,no,no,0,271.4,119,46.14,190.4,102,16.18,284.7,118,12.81,11.1,6,3.0,4
(415) 109-4113,WA,103,no,no,0,204.9,107,34.83,135.2,102,11.49,208.2,106,9.37,10.4,3,2.81,5
(415) 903-9003,HI,132,no,yes,15,154.6,128,26.28,245.6,106,20.88,148.6,90,6.69,9.1,4,2.46,1
(510) 116-1850,GA,86,no,no,0,124.1,82,21.1,202.6,120,17.22,289.6,119,13.03,6.7,8,1.81,3
(415) 530-7849,CO,104,no,no,0,182.9,113,31.09,239.6,85,20.37,229.8,104,10.34,5.5,4,1.49,2
(415) 137-5242,MD,106,no,no,0,165.3,118,28.1,210.0,101,17.85,187.2,93,8.42,8.5,3,2.3,2
(415) 666-0279,WY,125,no,no,0,140.1,132,23.82,209.6,126,17.82,264.1,77,11.88,8.0,2,2.16,1
(510) 102-4217,VA,72,yes,yes,29,139.8,114,23.77,138.2,91,11.75,221.0,88,9.95,5.5,6,1.49,0
(408) 978-0376,VT,73,no,no,0,213.0,95,36.21,188.8,104,16.05,136.2,89,6.13,13.5,3,3.65,0
(415) 251-4072,AR,118,no,no,0,267.8,145,45.53,316.4,121,26.89,208.6,91,9.39,14.4,11,3.89,5
(415) 988-9290,WY,105,no,no,0,102.8,74,17.48,281.7,125,23.94,228.1,113,10.26,13.2,5,3.56,2
(415) 821-3652,WI,80,no,no,0,239.9,121,40.78,142.3,51,12.1,364.3,106,16.39,9.3,5,2.51,1
(510) 536-4491,ME,205,no,yes,24,175.8,139,29.89,155.0,98,13.18,180.7,64,8.13,7.8,5,2.11,2
(415) 193-8972,OH,74,no,no,0,136.7,106,23.24,228.6,105,19.43,265.3,114,11.94,9.8,4,2.65,0
(415) 116-5724,DC,76,no,no,0,224.4,121,38.15,147.9,97,12.57,183.8,74,8.27,6.7,2,1.81,2
(415) 273-4213,AK,108,no,no,0,103.0,129,17.51,242.3,103,20.6,170.2,89,7.66,7.9,3,2.13,1
(415) 772-4808,AR,77,no,yes,23,209.7,73,35.65,183.6,63,15.61,205.5,111,9.25,7.1,3,1.92,2
(408) 555-1484,NY,9,no,yes,31,193.8,130,32.95,202.6,98,17.22,191.2,102,8.6,13.3,2,3.59,1
(510) 746-8235,NV,138,no,no,0,171.4,117,29.14,115.2,128,9.79,224.5,115,10.1,17.0,4,4.59,3
(415) 789-1495,SC,38,no,yes,31,197.2,118,33.52,249.9,70,21.24,298.9,104,13.45,3.9,2,1.05,0
(510) 817-2172,NY,147,no,yes,33,251.5,107,42.76,234.1,110,19.9,213.4,87,9.6,10.4,6,2.81,3
(408) 347-5293,MI,133,no,no,0,277.3,138,47.14,228.4,117,19.41,117.3,103,5.28,12.8,4,3.46,2
(510) 594-4312,ND,12,yes,no,0,216.7,117,36.84,116.5,126,9.9,220.0,110,9.9,9.8,4,2.65,2
(415) 142-1402,NY,11,no,no,0,143.4,130,24.38,289.4,50,24.6,194.0,100,8.73,9.7,6,2.62,2
(510) 268-2477,LA,154,no,no,0,166.9,99,28.37,154.9,97,13.17,189.4,89,8.52,7.2,5,1.94,0
(510) 560-1136,MN,116,no,no,0,201.8,82,34.31,231.5,95,19.68,226.1,130,10.17,16.5,5,4.46,0
(510) 776-9602,IN,87,no,no,0,234.8,85,39.92,140.9,91,11.98,204.3,93,9.19,9.5,5,2.57,1
(408) 771-6386,CT,70,no,no,0,198.6,111,33.76,213.9,115,18.18,171.2,105,7.7,10.6,6,2.86,2
(415) 767-1754,OR,98,yes,no,0,12.5,67,2.13,256.6,90,21.81,169.4,88,7.62,7.7,9,2.08,1
(415) 101-8243,OR,161,no,no,0,178.1,109,30.28,146.5,86,12.45,137.6,78,6.19,8.5,2,2.3,1
(510) 171-7755,GA,92,no,no,0,208.0,125,35.36,198.9,76,16.91,76.4,97,3.44,8.6,6,2.32,0
(415) 760-6114,ND,132,no,yes,31,174.5,101,29.67,245.6,105,20.88,172.8,76,7.78,10.3,9,2.78,1
(415) 665-4908,WY,185,yes,yes,30,154.1,114,26.2,118.7,106,10.09,258.4,105,11.63,12.9,3,3.48,2
(415) 306-5644,PA,124,no,no,0,167.4,119,28.46,233.2,143,19.82,109.6,115,4.93,10.3,5,2.78,0
(415) 995-4233,MN,75,no,no,0,143.2,92,24.34,209.1,142,17.77,173.0,96,7.79,11.9,9,3.21,1
(510) 368-4780,NY,44,no,no,0,143.2,77,24.34,169.8,114,14.43,215.8,77,9.71,7.6,4,2.05,1
(415) 314-1279,NY,108,no,no,0,154.2,123,26.21,112.3,86,9.55,246.4,75,11.09,15.4,4,4.16,4
(510) 500-4706,AL,131,no,no,0,153.4,86,26.08,198.5,81,16.87,164.4,83,7.4,10.4,3,2.81,0
(408) 162-2697,VA,210,no,no,0,104.6,121,17.78,149.5,71,12.71,255.1,67,11.48,6.5,8,1.76,2
(408) 192-0691,MT,111,no,no,0,142.3,75,24.19,122.8,106,10.44,229.5,94,10.33,12.8,9,3.46,2
(415) 456-4000,VA,114,yes,yes,31,174.5,104,29.67,224.2,92,19.06,116.3,91,5.23,12.3,10,3.32,2
(408) 794-6395,AL,100,no,yes,25,246.6,94,41.92,141.4,112,12.02,189.8,109,8.54,13.0,5,3.51,1
(408) 808-1597,TN,105,no,no,0,206.2,84,35.05,256.4,138,21.79,117.1,91,5.27,9.0,3,2.43,1
(415) 701-0188,UT,105,no,no,0,106.4,71,18.09,240.1,83,20.41,147.7,114,6.65,5.3,4,1.43,6
(415) 340-9980,ID,31,no,no,0,177.3,129,30.14,152.8,105,12.99,162.9,92,7.33,5.1,2,1.38,0
(415) 310-2499,MD,37,yes,no,0,106.6,76,18.12,147.4,89,12.53,235.8,113,10.61,9.6,8,2.59,2
(415) 387-7484,GA,132,no,no,0,193.3,106,32.86,128.3,94,10.91,162.1,119,7.29,11.6,4,3.13,5
(408) 493-2646,AL,16,no,no,0,209.5,89,35.62,172.8,85,14.69,94.1,102,4.23,8.8,4,2.38,1
(510) 450-4426,OR,157,no,yes,30,194.3,107,33.03,243.2,108,20.67,322.2,114,14.5,7.1,5,1.92,1
(415) 918-1892,UT,72,no,no,0,118.2,106,20.09,167.2,136,14.21,214.2,106,9.64,12.2,3,3.29,3
(408) 423-0418,NV,143,no,no,0,155.5,101,26.44,213.4,89,18.14,237.9,61,10.71,7.6,11,2.05,1
(408) 445-7781,VT,109,no,no,0,222.2,113,37.77,218.5,122,18.57,266.0,88,11.97,10.9,5,2.94,1
(408) 970-9815,CO,101,no,yes,23,262.2,101,44.57,157.0,80,13.35,129.1,100,5.81,7.3,14,1.97,1
(510) 717-6824,VT,48,no,no,0,188.4,63,32.03,165.9,89,14.1,205.7,71,9.26,13.2,2,3.56,1
(510) 950-0497,FL,75,no,yes,26,118.5,86,20.15,213.9,118,18.18,132.6,99,5.97,13.4,3,3.62,2
(415) 314-4010,ID,88,no,yes,31,181.6,91,30.87,213.2,120,18.12,207.8,104,9.35,11.4,4,3.08,1
(408) 813-5391,CO,105,no,no,0,270.9,98,46.05,226.2,110,19.23,178.8,60,8.05,8.8,5,2.38,0
(415) 334-4488,MT,116,no,yes,35,182.8,122,31.08,212.7,119,18.08,193.8,103,8.72,11.0,2,2.97,1
(415) 345-8396,TX,87,no,no,0,169.1,105,28.75,169.9,102,14.44,244.9,106,11.02,9.9,10,2.67,3
(415) 577-6089,RI,85,yes,no,0,197.2,97,33.52,211.7,115,17.99,210.1,133,9.45,8.3,4,2.24,4
(510) 832-0117,FL,55,no,yes,45,130.5,114,22.19,208.4,94,17.71,141.6,114,6.37,11.0,5,2.97,4
(415) 498-3843,SC,109,no,yes,46,217.5,123,36.98,233.7,84,19.86,163.9,99,7.38,9.0,3,2.43,4
(415) 939-3995,UT,49,no,no,0,266.3,90,45.27,207.8,117,17.66,205.0,98,9.23,14.0,2,3.78,2
(510) 979-8400,TN,17,no,yes,31,153.1,115,26.03,185.9,59,15.8,224.3,102,10.09,10.0,1,2.7,6
(408) 715-3860,VA,130,no,no,0,211.2,119,35.9,231.1,120,19.64,220.9,80,9.94,6.3,9,1.7,2
(415) 151-4378,AZ,137,no,no,0,141.1,91,23.99,147.2,100,12.51,254.7,75,11.46,8.0,7,2.16,2
(415) 206-3434,AK,52,no,yes,24,170.9,71,29.05,201.4,80,17.12,159.0,124,7.15,4.1,5,1.11,2
(415) 413-5170,IA,118,no,no,0,136.1,120,23.14,204.2,103,17.36,228.2,90,10.27,11.3,4,3.05,1
(415) 165-2505,VT,131,no,yes,34,156.6,134,26.62,71.0,95,6.04,261.7,120,11.78,13.4,10,3.62,1
(415) 453-8570,GA,125,no,yes,39,236.1,107,40.14,289.2,110,24.58,175.4,107,7.89,9.1,4,2.46,2
(510) 483-7209,AZ,113,no,no,0,81.3,116,13.82,220.6,124,18.75,235.7,113,10.61,8.9,3,2.4,0
(415) 474-8605,CT,212,no,no,0,126.0,96,21.42,144.3,80,12.27,302.8,102,13.63,7.6,3,2.05,1
(415) 208-8441,IN,99,yes,no,0,197.2,127,33.52,156.0,92,13.26,204.1,99,9.18,9.9,6,2.67,4
(510) 767-7184,NE,86,no,yes,29,157.2,118,26.72,196.3,136,16.69,226.7,109,10.2,8.4,5,2.27,3
(408) 665-5880,WI,112,no,no,0,167.8,88,28.53,247.9,81,21.07,155.1,108,6.98,11.9,4,3.21,0
(415) 262-1700,NJ,1,no,yes,30,183.1,95,31.13,232.6,110,19.77,248.3,110,11.17,8.4,2,2.27,0
(510) 411-3760,NV,27,no,no,0,177.6,121,30.19,296.8,92,25.23,192.9,106,8.68,7.6,3,2.05,3
(415) 165-4278,TN,63,no,no,0,164.5,75,27.97,147.9,118,12.57,252.7,97,11.37,11.2,2,3.02,0
(408) 177-7832,UT,47,no,yes,37,112.8,150,19.18,243.9,97,20.73,178.7,112,8.04,13.2,6,3.56,2
(415) 264-2400,IL,89,yes,yes,19,112.6,114,19.14,261.7,132,22.24,123.5,116,5.56,11.1,2,3.0,0
(415) 960-2867,WI,126,yes,yes,34,244.9,118,41.63,219.6,105,18.67,210.8,136,9.49,9.7,6,2.62,4
(510) 853-0963,ME,102,no,no,0,195.7,116,33.27,209.1,87,17.77,201.1,73,9.05,8.3,3,2.24,1
(415) 439-2424,SD,113,yes,no,0,204.3,82,34.73,188.8,115,16.05,139.4,97,6.27,9.2,7,2.48,1
(415) 800-4166,IN,101,no,yes,33,219.7,137,37.35,186.8,94,15.88,184.5,113,8.3,9.5,2,2.57,2
(510) 187-0745,CT,106,no,yes,33,81.6,120,13.87,235.6,85,20.03,150.9,113,6.79,9.9,4,2.67,1
(415) 257-1371,AL,69,no,no,0,183.4,85,31.18,237.6,100,20.2,228.0,94,10.26,9.0,5,2.43,3
(510) 382-7070,CO,83,no,no,0,132.4,120,22.51,121.6,101,10.34,197.7,84,8.9,8.6,2,2.32,1
(415) 593-1515,DE,67,yes,yes,35,181.1,59,30.79,215.9,116,18.35,216.3,106,9.73,16.9,4,4.56,0
(510) 692-4228,OH,75,no,yes,27,117.5,102,19.98,206.8,127,17.58,194.4,114,8.75,4.2,7,1.13,3
(415) 365-1217,OH,75,no,no,0,150.6,99,25.6,301.5,83,25.63,158.7,104,7.14,8.1,5,2.19,0
(408) 644-2841,WI,78,no,no,0,87.0,102,14.79,193.6,64,16.46,205.8,120,9.26,11.0,5,2.97,0
(408) 669-4904,GA,189,no,no,0,227.4,84,38.66,176.0,81,14.96,206.1,120,9.27,6.3,4,1.7,2
(415) 521-5320,MT,126,no,yes,30,153.4,90,26.08,151.4,97,12.87,153.8,97,6.92,12.8,4,3.46,4
(408) 922-9048,NH,50,no,no,0,154.7,102,26.3,298.0,108,25.33,210.2,95,9.46,11.1,3,3.0,0
(415) 835-4408,WV,57,yes,yes,17,236.5,94,40.21,163.1,94,13.86,236.7,117,10.65,12.2,3,3.29,2
(408) 152-7550,MD,163,no,no,0,223.0,120,37.91,227.0,98,19.3,188.3,125,8.47,8.8,5,2.38,1
(408) 526-9503,NH,174,no,no,0,139.4,96,23.7,143.4,108,12.19,225.2,107,10.13,10.0,5,2.7,2
(415) 389-3723,UT,68,no,no,0,213.9,112,36.36,260.5,100,22.14,233.8,97,10.52,8.4,3,2.27,1
(510) 752-1151,CA,93,no,yes,19,136.8,113,23.26,179.5,105,15.26,71.1,95,3.2,12.5,3,3.38,2
(415) 662-4673,OK,155,no,yes,23,243.9,112,41.46,133.0,106,11.31,213.7,123,9.62,13.4,11,3.62,2
(510) 477-1333,OR,136,no,no,0,259.4,99,44.1,172.7,125,14.68,293.7,78,13.22,10.7,6,2.89,1
(408) 580-7779,ME,118,yes,yes,21,156.5,122,26.61,209.2,125,17.78,158.7,81,7.14,11.1,3,3.0,4
(408) 457-9265,HI,117,no,no,0,102.3,100,17.39,135.2,104,11.49,199.7,93,8.99,15.7,10,4.24,3
(415) 936-2594,MT,48,no,yes,36,230.9,92,39.25,167.6,121,14.25,270.0,87,12.15,7.6,4,2.05,3
(510) 568-7794,OH,107,no,yes,38,219.4,92,37.3,180.5,73,15.34,104.1,91,4.68,11.0,1,2.97,2
(415) 873-2382,MO,56,no,no,0,137.2,111,23.32,165.9,119,14.1,182.3,72,8.2,14.3,4,3.86,1
(415) 903-2039,TX,159,no,no,0,87.7,103,14.91,278.2,97,23.65,170.6,93,7.68,10.5,10,2.84,1
(415) 117-0880,SD,78,no,yes,25,197.4,73,33.56,295.7,113,25.13,211.7,73,9.53,13.2,2,3.56,0
(415) 950-5852,MD,75,no,yes,39,198.2,107,33.69,280.4,132,23.83,129.6,73,5.83,11.3,7,3.05,1
(415) 361-4498,NJ,83,no,no,0,178.8,102,30.4,167.9,84,14.27,178.9,65,8.05,8.6,4,2.32,3
(510) 186-0301,AR,99,yes,no,0,242.3,102,41.19,350.9,102,29.83,163.1,93,7.34,11.3,3,3.05,0
(415) 663-4682,RI,83,no,yes,20,95.0,89,16.15,167.9,92,14.27,200.6,79,9.03,11.2,2,3.02,0
(415) 911-3241,NM,141,no,no,0,160.1,87,27.22,256.7,120,21.82,270.0,107,12.15,7.0,1,1.89,2
(415) 418-4562,MT,184,no,no,0,236.4,73,40.19,287.3,120,24.42,192.0,94,8.64,13.8,4,3.73,1
(510) 872-5048,SC,138,no,yes,21,19.5,149,3.32,140.9,109,11.98,179.7,111,8.09,7.9,1,2.13,0
(510) 723-8961,ND,84,no,no,0,226.9,144,38.57,201.6,122,17.14,130.2,121,5.86,13.2,5,3.56,2
(415) 361-3832,MO,72,no,no,0,165.9,114,28.2,235.9,97,20.05,210.1,120,9.45,12.0,5,3.24,2
(510) 303-1855,MN,65,no,yes,29,158.1,104,26.88,322.2,81,27.39,210.0,96,9.45,8.9,6,2.4,1
(408) 228-4534,TN,99,no,no,0,54.8,92,9.32,173.0,103,14.71,195.1,125,8.78,7.5,3,2.03,1
(510) 133-2488,UT,111,no,no,0,191.3,80,32.52,138.5,94,11.77,246.0,107,11.07,6.4,3,1.73,2
(415) 144-2985,FL,106,no,yes,31,197.4,125,33.56,123.4,110,10.49,115.6,101,5.2,12.3,4,3.32,3
(415) 851-0185,KY,88,no,no,0,148.2,82,25.19,308.7,67,26.24,235.4,79,10.59,6.4,4,1.73,2
(408) 714-1722,MS,17,no,yes,35,198.5,123,33.75,270.6,74,23.0,209.9,130,9.45,8.1,10,2.19,1
(408) 250-1049,VT,64,no,no,0,145.5,116,24.74,228.4,110,19.41,273.4,91,12.3,8.9,8,2.4,1
(510) 451-8908,GA,107,no,no,0,194.5,97,33.07,186.3,131,15.84,178.3,106,8.02,12.7,1,3.43,2
(415) 307-8723,CT,90,no,no,0,37.8,80,6.43,155.3,105,13.2,175.0,111,7.88,14.2,5,3.83,3
(408) 479-2688,WY,90,no,yes,39,94.8,89,16.12,219.1,91,18.62,197.4,65,8.88,11.4,5,3.08,1
(415) 851-1485,ID,114,no,no,0,202.1,100,34.36,195.7,102,16.63,291.8,120,13.13,13.3,5,3.59,2
(415) 877-3921,OR,140,no,no,0,120.3,108,20.45,240.4,84,20.43,216.4,74,9.74,7.7,3,2.08,4
(408) 310-3015,SC,102,no,no,0,174.5,73,29.67,213.7,114,18.16,164.7,116,7.41,10.3,5,2.78,4
(510) 995-9894,MI,70,no,no,0,129.9,102,22.08,208.7,133,17.74,231.4,93,10.41,14.3,3,3.86,1
(510) 734-6085,MS,84,no,no,0,75.3,96,12.8,179.9,113,15.29,193.8,134,8.72,12.3,1,3.32,1
(510) 869-8924,MA,80,no,no,0,149.8,123,25.47,276.3,75,23.49,241.4,75,10.86,10.9,7,2.94,2
(415) 904-8999,VA,113,no,yes,23,149.0,104,25.33,235.8,67,20.04,201.8,76,9.08,9.5,5,2.57,4
(415) 685-1222,MS,111,no,yes,36,96.8,123,16.46,170.6,105,14.5,166.0,85,7.47,13.4,4,3.62,2
(415) 676-0270,TX,70,no,no,0,232.8,95,39.58,303.4,111,25.79,255.6,104,11.5,12.9,7,3.48,0
(408) 111-3563,DC,60,no,no,0,179.3,147,30.48,208.9,89,17.76,248.2,98,11.17,13.5,6,3.65,1
(510) 949-3179,MT,71,no,yes,23,175.7,82,29.87,258.9,136,22.01,268.4,154,12.08,14.1,7,3.81,1
(415) 312-7339,WV,124,no,no,0,157.4,107,26.76,167.8,112,14.26,188.8,102,8.5,8.8,3,2.38,3
(415) 834-5812,WA,66,no,no,0,205.1,102,34.87,232.7,109,19.78,259.9,95,11.7,9.2,6,2.48,2
(415) 629-5244,OH,106,no,no,0,158.6,112,26.96,220.0,114,18.7,252.9,106,11.38,9.1,3,2.46,0
(510) 698-7925,CO,59,no,no,0,153.6,92,26.11,205.5,88,17.47,114.5,89,5.15,12.5,10,3.38,1
(415) 574-2640,ND,87,yes,yes,40,221.6,79,37.67,157.1,74,13.35,222.4,124,10.01,11.5,3,3.11,1
(415) 582-6476,MI,59,no,no,0,204.3,65,34.73,247.3,123,21.02,214.7,94,9.66,12.0,4,3.24,1
(510) 386-0393,NE,21,no,no,0,225.0,110,38.25,244.2,111,20.76,221.2,93,9.95,10.7,4,2.89,0
(415) 700-7916,NJ,147,no,yes,36,254.2,78,43.21,228.1,105,19.39,98.0,125,4.41,13.8,7,3.73,5
(415) 726-3403,OR,117,no,yes,17,221.3,82,37.62,167.6,100,14.25,262.7,87,11.82,4.4,4,1.19,0
(415) 603-9589,MO,138,no,yes,29,190.1,87,32.32,223.2,123,18.97,256.2,130,11.53,14.2,6,3.83,0
(415) 170-2679,DE,80,no,no,0,199.8,138,33.97,167.1,91,14.2,271.8,94,12.23,5.5,4,1.49,1
(510) 141-1517,DE,133,no,no,0,245.8,102,41.79,264.7,90,22.5,111.7,103,5.03,11.2,7,3.02,0
(408) 517-2053,MD,123,no,no,0,206.9,115,35.17,224.4,86,19.07,197.4,60,8.88,8.3,2,2.24,3
(415) 457-2316,KY,39,no,no,0,295.4,126,50.22,232.1,117,19.73,204.4,123,9.2,11.5,2,3.11,1
(510) 307-4350,TX,92,no,no,0,139.8,98,23.77,174.9,143,14.87,201.6,135,9.07,9.4,7,2.54,2
(510) 153-5954,IL,65,no,no,0,192.0,89,32.64,139.5,88,11.86,187.4,102,8.43,5.5,4,1.49,2
(415) 921-9340,NM,67,no,no,0,215.5,102,36.64,190.7,95,16.21,214.5,106,9.65,8.6,6,2.32,1
(415) 475-8997,CT,124,no,no,0,131.8,82,22.41,284.3,119,24.17,305.5,101,13.75,11.3,2,3.05,1
(415) 119-8478,NJ,84,no,no,0,190.2,102,32.33,197.7,141,16.8,247.5,102,11.14,9.8,6,2.65,2
(408) 766-3747,VA,145,no,no,0,199.2,124,33.86,126.0,86,10.71,289.2,135,13.01,7.6,3,2.05,1
(415) 740-2962,NC,124,no,no,0,188.5,77,32.05,182.0,123,15.47,218.2,127,9.82,6.1,6,1.65,1
(415) 678-7654,NM,94,no,no,0,108.0,79,18.36,241.9,152,20.56,252.1,92,11.34,10.4,3,2.81,3
(408) 632-5332,KY,72,no,no,0,177.1,97,30.11,184.7,105,15.7,174.1,94,7.83,8.0,6,2.16,1
(415) 209-4156,NV,177,no,yes,27,230.2,106,39.13,196.1,78,16.67,215.4,108,9.69,10.4,2,2.81,1
(408) 650-8092,KY,43,no,no,0,177.2,93,30.12,142.6,60,12.12,314.1,144,14.13,12.7,2,3.43,4
(415) 963-2430,DE,99,no,no,0,140.7,88,23.92,210.9,98,17.93,229.9,125,10.35,12.4,4,3.35,2
(510) 295-9433,VA,150,no,no,0,169.2,123,28.76,216.8,83,18.43,179.4,107,8.07,12.6,3,3.4,1
(510) 356-7663,CA,77,no,no,0,175.5,86,29.84,205.1,78,17.43,245.2,100,11.03,17.8,3,4.81,4
(415) 545-1518,ID,86,no,no,0,194.2,98,33.01,193.8,95,16.47,192.0,123,8.64,9.3,7,2.51,3
(415) 147-2580,MD,165,no,yes,39,167.4,113,28.46,172.7,94,14.68,192.6,113,8.67,9.5,4,2.57,3
(415) 120-7534,ME,41,no,yes,30,191.7,109,32.59,193.0,86,16.41,149.4,93,6.72,11.1,4,3.0,1
(415) 300-9888,SD,108,no,no,0,240.2,78,40.83,230.3,109,19.58,217.0,83,9.76,5.2,1,1.4,2
(408) 216-8911,DE,115,no,no,0,127.7,67,21.71,182.9,90,15.55,172.9,92,7.78,10.6,7,2.86,1
(415) 838-6745,WI,105,no,yes,34,218.5,61,37.15,196.7,74,16.72,151.1,103,6.8,9.9,4,2.67,2
(408) 717-7633,UT,104,no,no,0,263.4,101,44.78,235.5,117,20.02,102.0,146,4.59,13.0,4,3.51,0
(415) 536-5767,LA,82,no,no,0,197.7,101,33.61,127.6,83,10.85,142.1,103,6.39,13.5,3,3.65,1
(415) 135-6481,ME,140,no,no,0,159.1,104,27.05,269.8,106,22.93,220.4,116,9.92,10.3,4,2.78,1
(415) 807-5554,NC,106,no,yes,37,223.5,104,38.0,235.1,99,19.98,140.1,90,6.3,10.6,5,2.86,2
(415) 262-8870,NV,141,no,no,0,192.4,111,32.71,156.9,87,13.34,175.8,82,7.91,11.0,6,2.97,0
(408) 417-1363,CO,98,no,no,0,236.2,122,40.15,189.4,110,16.1,153.6,104,6.91,13.3,4,3.59,0
(510) 702-0308,CA,138,yes,no,0,196.2,129,33.35,176.5,86,15.0,232.4,108,10.46,15.2,1,4.1,0
(415) 945-4752,RI,127,no,yes,27,140.1,59,23.82,223.4,111,18.99,257.9,73,11.61,3.8,10,1.03,1
(510) 711-2517,GA,202,no,no,0,115.4,137,19.62,178.7,70,15.19,185.7,113,8.36,6.0,3,1.62,3
(415) 575-9369,MA,79,no,no,0,156.9,109,26.67,122.2,87,10.39,189.1,103,8.51,11.3,5,3.05,3
(510) 999-0207,ND,166,no,no,0,197.9,89,33.64,251.0,113,21.34,138.3,85,6.22,11.2,2,3.02,2
(510) 629-0348,KS,47,yes,no,0,47.8,120,8.13,178.9,123,15.21,152.6,96,6.87,13.3,7,3.59,0
(510) 541-0848,ND,160,no,no,0,121.8,97,20.71,89.3,97,7.59,150.7,92,6.78,10.3,5,2.78,1
(415) 935-1140,OK,180,no,no,0,143.5,121,24.4,189.3,111,16.09,174.9,82,7.87,8.8,5,2.38,3
(510) 263-2459,ID,170,no,yes,37,178.1,130,30.28,242.8,103,20.64,243.0,93,10.93,13.0,4,3.51,0
(408) 640-7071,TX,123,no,no,0,257.9,92,43.84,211.6,71,17.99,189.3,104,8.52,9.4,2,2.54,2
(415) 876-0722,LA,133,no,no,0,216.2,67,36.75,222.2,133,18.89,192.0,95,8.64,3.1,1,0.84,2
(415) 809-0547,FL,127,no,no,0,261.7,105,44.49,181.8,107,15.45,100.9,131,4.54,3.3,5,0.89,0
(415) 278-5819,AL,8,no,yes,36,242.9,67,41.29,170.9,59,14.53,177.3,130,7.98,4.8,12,1.3,1
(415) 447-6034,MS,13,no,no,0,303.2,133,51.54,170.5,86,14.49,227.6,80,10.24,11.5,3,3.11,0
(415) 346-0731,CA,137,no,yes,22,189.6,42,32.23,179.0,137,15.22,179.6,126,8.08,11.4,5,3.08,2
(415) 112-1540,WV,94,no,yes,28,92.7,107,15.76,127.8,86,10.86,225.6,86,10.15,9.9,4,2.67,3
(510) 549-5573,KS,148,no,no,0,239.3,84,40.68,195.7,85,16.63,232.6,104,10.47,10.9,3,2.94,1
(408) 212-0154,NH,148,no,no,0,17.6,121,2.99,161.7,125,13.74,203.1,82,9.14,10.6,6,2.86,1
(510) 842-9517,UT,144,no,yes,37,219.9,102,37.38,222.1,77,18.88,118.5,111,5.33,10.0,4,2.7,1
(415) 876-7305,AK,146,no,no,0,195.9,86,33.3,228.6,82,19.43,303.5,94,13.66,12.2,4,3.29,3
(415) 155-6431,NC,107,no,yes,38,204.2,57,34.71,205.9,92,17.5,286.5,80,12.89,8.3,4,2.24,0
(415) 480-1329,NE,34,no,no,0,193.7,74,32.93,126.9,84,10.79,221.2,166,9.95,8.8,4,2.38,0
(510) 242-1705,TX,86,no,no,0,92.8,92,15.78,159.6,87,13.57,148.7,115,6.69,8.8,5,2.38,1
(415) 807-0117,MN,100,no,yes,27,221.7,100,37.69,236.1,70,20.07,192.7,91,8.67,8.0,4,2.16,0
(415) 180-0550,PA,104,no,no,0,144.5,107,24.57,180.5,85,15.34,226.0,94,10.17,17.0,6,4.59,2
(510) 973-8231,IN,205,no,no,0,49.9,123,8.48,150.7,81,12.81,188.2,67,8.47,10.1,4,2.73,2
(415) 340-8252,OK,93,no,yes,32,116.9,120,19.87,232.4,97,19.75,127.7,112,5.75,11.0,9,2.97,0
(415) 405-2004,NE,123,no,no,0,150.0,98,25.5,89.8,95,7.63,326.0,91,14.67,11.1,3,3.0,3
(408) 605-0213,VA,43,no,yes,35,200.2,105,34.03,244.4,88,20.77,207.2,97,9.32,11.6,4,3.13,3
(510) 292-8410,WV,106,no,no,0,194.8,133,33.12,213.4,73,18.14,190.8,92,8.59,11.5,7,3.11,0
(415) 425-6211,KY,122,no,no,0,168.3,96,28.61,87.6,91,7.45,247.2,87,11.12,8.4,6,2.27,1
(415) 441-8602,AL,137,no,no,0,104.7,115,17.8,249.8,144,21.23,192.3,99,8.65,8.9,2,2.4,1
(415) 493-2416,IN,46,no,yes,34,191.4,102,32.54,361.8,96,30.75,147.5,132,6.64,7.2,2,1.94,1
(510) 379-8422,LA,40,no,no,0,109.4,107,18.6,244.7,102,20.8,276.9,123,12.46,7.1,7,1.92,0
(408) 588-6308,CT,22,no,no,0,207.7,116,35.31,210.6,99,17.9,238.2,88,10.72,9.6,5,2.59,0
(415) 649-2723,MO,101,yes,no,0,133.5,51,22.7,219.6,96,18.67,210.0,74,9.45,11.7,4,3.16,1
(510) 291-3916,WI,153,no,no,0,159.5,103,27.12,275.5,90,23.42,176.7,126,7.95,10.1,2,2.73,1
(415) 880-2955,NY,112,no,no,0,174.3,123,29.63,140.2,124,11.92,215.4,89,9.69,9.0,6,2.43,4
(415) 686-8637,ND,101,no,yes,36,123.7,125,21.03,172.6,106,14.67,280.5,127,12.62,8.8,4,2.38,1
(510) 102-6662,SC,161,no,no,0,297.9,141,50.64,238.1,107,20.24,240.5,93,10.82,8.9,5,2.4,1
(415) 484-0063,SC,130,no,no,0,212.8,102,36.18,189.8,137,16.13,170.1,105,7.65,10.6,4,2.86,0
(510) 449-2995,WY,90,no,no,0,125.4,158,21.32,269.1,83,22.87,238.6,103,10.74,11.0,7,2.97,1
(415) 938-2549,MD,107,no,no,0,294.9,71,50.13,192.8,78,16.39,148.1,87,6.66,13.2,5,3.56,1
(510) 678-2041,CA,37,no,no,0,239.9,120,40.78,261.6,88,22.24,207.1,88,9.32,8.9,4,2.4,2
(415) 245-8481,MN,100,yes,no,0,159.9,94,27.18,179.9,95,15.29,154.4,102,6.95,11.6,2,3.13,2
(408) 825-4460,KY,38,no,yes,36,115.4,98,19.62,166.2,83,14.13,184.7,79,8.31,15.2,6,4.1,2
(415) 509-3039,NY,112,no,yes,23,286.6,79,48.72,315.3,102,26.8,193.9,101,8.73,10.3,6,2.78,1
(415) 431-0588,NC,182,no,no,0,279.5,118,47.52,203.2,113,17.27,174.2,101,7.84,10.7,4,2.89,2
(408) 784-8454,LA,163,no,yes,23,224.0,126,38.08,233.5,89,19.85,293.9,104,13.23,8.8,4,2.38,1
(510) 231-1663,WV,152,yes,yes,41,146.8,128,24.96,285.6,96,24.28,213.6,80,9.61,4.3,2,1.16,1
(415) 527-2197,OH,95,no,yes,23,160.3,87,27.25,202.4,101,17.2,191.1,122,8.6,7.4,3,2.0,0
(408) 347-8331,AK,1,no,no,0,175.2,74,29.78,151.7,79,12.89,230.5,109,10.37,5.3,3,1.43,1
(510) 992-5054,ID,116,yes,yes,29,162.3,91,27.59,279.3,79,23.74,192.7,131,8.67,11.7,2,3.16,3
(510) 493-7326,WA,111,no,no,0,152.2,114,25.87,137.2,102,11.66,185.9,97,8.37,9.8,3,2.65,0
(510) 772-0533,AR,109,no,no,0,175.4,125,29.82,250.7,87,21.31,289.3,74,13.02,9.8,9,2.65,1
(408) 658-9890,NE,103,no,no,0,160.8,91,27.34,155.8,82,13.24,254.3,103,11.44,8.5,3,2.3,1
(408) 365-8364,DC,115,no,no,0,178.7,114,30.38,271.0,96,23.04,245.9,94,11.07,16.4,5,4.43,2
(415) 224-4376,NM,90,no,no,0,167.5,96,28.48,139.1,104,11.82,138.4,87,6.23,13.0,1,3.51,1
(510) 369-5067,MS,70,no,no,0,147.1,105,25.01,200.0,135,17.0,234.9,65,10.57,12.5,9,3.38,3
(510) 126-8234,AR,109,no,no,0,153.1,102,26.03,234.1,77,19.9,329.2,74,14.81,9.9,9,2.67,3
(510) 729-9765,WA,82,no,no,0,265.2,122,45.08,178.7,102,15.19,174.7,90,7.86,10.7,9,2.89,2
(415) 995-5163,RI,180,no,no,0,143.3,134,24.36,180.5,113,15.34,184.2,87,8.29,10.1,4,2.73,1
(408) 587-8830,IL,79,yes,no,0,103.5,134,17.6,319.3,111,27.14,239.9,124,10.8,8.4,4,2.27,2
(415) 323-3313,MD,102,no,no,0,129.5,56,22.02,354.2,118,30.11,145.5,93,6.55,10.9,3,2.94,1
(408) 810-7330,MT,49,no,no,0,236.6,91,40.22,220.9,146,18.78,146.8,114,6.61,8.9,2,2.4,1
(408) 680-9488,VT,67,no,no,0,260.4,107,44.27,208.2,104,17.7,207.9,115,9.36,10.0,2,2.7,6
(415) 244-5249,CO,107,no,no,0,167.3,100,28.44,163.9,79,13.93,185.9,100,8.37,6.7,5,1.81,2
(510) 143-2283,WA,118,no,no,0,113.0,80,19.21,150.1,87,12.76,204.3,115,9.19,10.8,4,2.92,2
(408) 980-9402,AR,94,no,no,0,136.2,114,23.15,165.1,118,14.03,137.9,71,6.21,9.6,5,2.59,0
(408) 682-9685,DC,147,no,no,0,168.6,92,28.66,187.7,107,15.95,216.5,95,9.74,14.4,8,3.89,2
(415) 559-3867,TN,123,no,no,0,166.9,98,28.37,221.8,77,18.85,243.9,114,10.98,12.8,4,3.46,3
(415) 508-1215,OR,97,no,no,0,146.0,121,24.82,203.0,141,17.26,151.8,120,6.83,13.3,2,3.59,1
(415) 759-7542,NY,123,no,no,0,123.2,104,20.94,190.0,117,16.15,170.3,95,7.66,12.9,5,3.48,4
(415) 271-5793,OK,63,no,no,0,128.7,78,21.88,240.8,133,20.47,237.7,121,10.7,12.8,6,3.46,1
(415) 313-4394,MS,78,no,yes,13,281.2,93,47.8,178.2,101,15.15,244.2,129,10.99,6.4,5,1.73,2
(415) 709-6848,MD,106,no,no,0,208.3,89,35.41,169.4,67,14.4,102.0,90,4.59,15.9,4,4.29,3
(415) 844-2501,AR,145,no,no,0,224.2,89,38.11,314.9,121,26.77,182.9,121,8.23,16.1,3,4.35,1
(415) 445-5734,MI,48,no,no,0,240.0,88,40.8,141.0,117,11.99,128.9,137,5.8,7.1,9,1.92,1
(415) 307-5567,WV,100,no,no,0,166.0,102,28.22,236.1,97,20.07,134.3,93,6.04,10.9,4,2.94,1
(408) 299-1151,ND,147,yes,yes,35,157.5,109,26.78,189.6,67,16.12,227.0,76,10.22,11.1,2,3.0,3
(415) 587-6141,TN,115,no,no,0,206.2,113,35.05,176.4,102,14.99,297.1,119,13.37,11.0,7,2.97,1
(510) 272-1399,IL,86,no,yes,16,144.8,105,24.62,206.2,111,17.53,255.4,117,11.49,11.6,2,3.13,4
(415) 510-9292,NH,141,no,yes,32,322.4,92,54.81,283.2,107,24.07,209.5,111,9.43,6.7,3,1.81,1
(408) 152-2678,MN,163,no,yes,22,215.1,91,36.57,138.9,102,11.81,146.2,109,6.58,12.4,2,3.35,2
(415) 490-4058,IA,89,no,yes,35,174.4,108,29.65,196.7,100,16.72,127.4,74,5.73,11.8,3,3.19,1
(415) 254-9483,AL,76,no,no,0,179.2,85,30.46,222.9,66,18.95,188.2,113,8.47,12.4,2,3.35,0
(408) 833-4692,KS,91,yes,no,0,246.4,110,41.89,182.0,98,15.47,157.6,106,7.09,12.1,2,3.27,2
(415) 172-9710,OH,69,no,no,0,227.0,122,38.59,258.7,111,21.99,169.7,87,7.64,8.9,1,2.4,2
(415) 102-4881,ND,180,no,no,0,224.9,105,38.23,250.0,101,21.25,216.1,73,9.72,6.7,5,1.81,3
(510) 552-4479,OR,64,no,no,0,213.5,93,36.3,166.6,114,14.16,122.0,78,5.49,14.1,3,3.81,3
(408) 791-4420,OK,160,no,no,0,166.4,117,28.29,317.0,129,26.95,160.4,121,7.22,10.0,2,2.7,1
(415) 726-3764,MI,74,no,no,0,314.1,86,53.4,222.4,99,18.9,259.0,121,11.66,12.3,5,3.32,3
(415) 906-6441,MI,134,no,yes,41,162.0,82,27.54,324.7,77,27.6,160.1,112,7.2,11.9,5,3.21,0
(408) 462-3131,RI,46,no,no,0,40.4,105,6.87,172.4,83,14.65,145.1,89,6.53,9.0,2,2.43,2
(408) 793-1392,MI,132,no,no,0,291.2,104,49.5,234.2,132,19.91,191.7,87,8.63,8.9,3,2.4,1
(415) 198-0088,ND,50,no,no,0,295.3,127,50.2,127.4,100,10.83,166.8,105,7.51,9.6,6,2.59,1
(408) 497-2238,LA,98,no,no,0,136.1,82,23.14,156.3,118,13.29,158.8,83,7.15,10.1,5,2.73,2
(408) 454-5965,NJ,156,no,yes,27,192.3,137,32.69,199.9,115,16.99,244.2,112,10.99,14.8,8,4.0,1
(408) 163-0970,NC,130,yes,no,0,216.2,106,36.75,363.7,86,30.91,126.7,123,5.7,16.9,2,4.56,5
(415) 747-6933,TX,90,yes,yes,26,169.0,104,28.73,188.8,104,16.05,213.3,76,9.6,13.3,3,3.59,0
(510) 827-3881,WY,101,no,yes,9,160.1,116,27.22,210.0,121,17.85,139.1,65,6.26,10.8,9,2.92,0
(510) 405-9606,AL,117,no,no,0,158.7,84,26.98,181.7,91,15.44,177.3,67,7.98,7.7,10,2.08,2
(415) 662-8672,AL,95,no,no,0,229.9,116,39.08,202.4,110,17.2,171.4,105,7.71,14.2,6,3.83,1
(415) 357-3838,SC,107,no,no,0,206.9,79,35.17,262.4,117,22.3,149.3,69,6.72,10.7,3,2.89,0
(415) 109-3689,TN,88,no,no,0,181.5,116,30.86,187.0,119,15.9,220.3,96,9.91,10.5,7,2.84,1
(415) 833-3640,MS,120,no,no,0,131.7,99,22.39,163.1,109,13.86,201.1,116,9.05,10.7,3,2.89,1
(510) 975-8297,KY,106,no,yes,9,88.5,100,15.05,324.8,109,27.61,79.9,86,3.6,8.2,4,2.21,3
(408) 463-7361,NH,84,no,yes,30,106.5,65,18.11,225.7,108,19.18,188.6,61,8.49,5.7,3,1.54,2
(415) 176-9933,ME,62,yes,yes,32,218.4,93,37.13,236.7,132,20.12,192.2,137,8.65,13.2,3,3.56,0
(408) 137-4239,WI,20,no,no,0,186.8,89,31.76,253.4,51,21.54,273.1,105,12.29,12.3,6,3.32,2
(415) 862-0199,CA,112,no,no,0,208.7,150,35.48,212.8,104,18.09,178.1,98,8.01,8.5,4,2.3,0
(510) 474-8810,VA,107,no,yes,27,283.4,104,48.18,224.1,152,19.05,241.3,63,10.86,14.4,7,3.89,2
(408) 138-7498,MT,137,yes,no,0,258.0,112,43.86,246.5,117,20.95,173.2,100,7.79,10.9,3,2.94,0
(415) 713-8011,NH,90,no,yes,42,193.3,66,32.86,263.3,85,22.38,214.4,97,9.65,11.1,4,3.0,0
(510) 782-8567,IN,189,no,no,0,219.9,80,37.38,143.3,117,12.18,130.6,69,5.88,11.7,7,3.16,1
(415) 630-4594,AL,19,yes,no,0,237.7,98,40.41,207.1,121,17.6,182.2,95,8.2,4.5,4,1.22,0
(510) 966-7871,IN,156,no,no,0,237.7,122,40.41,181.5,91,15.43,185.7,151,8.36,7.7,4,2.08,1
(510) 722-7337,NH,101,no,no,0,220.3,124,37.45,188.6,101,16.03,278.4,98,12.53,10.6,4,2.86,1
(415) 678-4860,IA,123,no,no,0,204.4,88,34.75,137.5,111,11.69,226.0,100,10.17,10.0,4,2.7,0
(408) 491-9661,NH,97,no,yes,32,90.0,87,15.3,276.3,113,23.49,185.2,107,8.33,8.6,6,2.32,2
(408) 123-0623,IN,115,no,no,0,146.7,128,24.94,106.2,74,9.03,197.7,104,8.9,11.1,4,3.0,2
(408) 879-0366,WI,95,no,no,0,237.3,83,40.34,154.0,65,13.09,237.0,105,10.67,11.2,6,3.02,1
(415) 993-3565,NH,105,no,yes,20,186.9,114,31.77,256.3,91,21.79,334.7,104,15.06,8.9,2,2.4,1
(415) 756-9705,SC,1,no,yes,26,146.6,68,24.92,172.8,67,14.69,173.8,113,7.82,10.0,2,2.7,1
(415) 935-3726,NY,91,no,yes,20,146.1,98,24.84,277.4,104,23.58,137.7,100,6.2,6.2,3,1.67,1
(408) 711-0316,PA,85,no,no,0,144.4,88,24.55,264.6,105,22.49,185.4,94,8.34,9.9,3,2.67,1
(408) 451-1231,MT,85,no,yes,17,89.8,88,15.27,233.2,75,19.82,165.7,116,7.46,9.3,7,2.51,4
(415) 328-4125,SC,99,no,no,0,174.1,102,29.6,99.1,118,8.42,211.6,126,9.52,7.7,2,2.08,2
(415) 994-0478,WV,123,no,no,0,175.7,78,29.87,184.6,96,15.69,156.9,92,7.06,9.1,2,2.46,2
(415) 480-1144,OK,104,no,no,0,113.6,87,19.31,158.6,98,13.48,187.7,87,8.45,10.5,6,2.84,2
(408) 506-8316,NY,168,no,no,0,163.4,134,27.78,240.1,87,20.41,164.0,147,7.38,11.6,2,3.13,2
(415) 352-2181,KS,68,no,no,0,207.6,68,35.29,251.6,123,21.39,191.6,100,8.62,10.9,6,2.94,2
(415) 444-5546,SC,112,no,yes,31,225.2,89,38.28,256.8,117,21.83,249.7,87,11.24,11.5,1,3.11,4
(415) 835-2564,KY,56,yes,no,0,177.7,114,30.21,215.6,110,18.33,236.7,67,10.65,10.5,5,2.84,1
(408) 729-5333,OH,133,no,no,0,117.8,100,20.03,199.2,105,16.93,244.1,119,10.98,11.8,4,3.19,0
(408) 747-8308,NC,95,no,no,0,128.6,115,21.86,216.2,88,18.38,255.3,96,11.49,6.3,2,1.7,6
(415) 823-8557,TX,1,no,no,0,182.1,106,30.96,134.9,106,11.47,152.3,75,6.85,10.0,3,2.7,5
(415) 542-0797,ND,90,no,yes,22,124.5,94,21.17,231.7,90,19.69,222.2,108,10.0,6.4,12,1.73,1
(415) 125-4549,NY,46,no,no,0,122.2,67,20.77,167.2,62,14.21,194.8,98,8.77,9.7,6,2.62,1
(415) 828-7683,HI,150,no,no,0,214.0,117,36.38,192.4,89,16.35,242.6,99,10.92,7.9,4,2.13,1
(408) 494-6302,KS,73,no,no,0,194.8,112,33.12,167.2,85,14.21,100.3,61,4.51,10.8,6,2.92,1
(408) 582-6926,OR,161,no,no,0,196.6,73,33.42,170.2,79,14.47,194.3,79,8.74,12.5,3,3.38,1
(415) 358-4721,KY,76,no,no,0,204.0,69,34.68,225.1,110,19.13,240.3,85,10.81,9.6,5,2.59,1
(415) 233-7276,WV,95,no,no,0,134.4,104,22.85,152.4,95,12.95,236.5,80,10.64,9.4,3,2.54,1
(415) 522-4010,RI,76,no,no,0,171.1,78,29.09,257.2,83,21.86,91.6,92,4.12,16.2,3,4.37,1
(415) 961-5068,CO,103,no,yes,37,153.5,78,26.1,241.9,108,20.56,244.7,110,11.01,10.6,3,2.86,1
(415) 160-8979,MA,132,no,yes,25,113.2,96,19.24,269.9,107,22.94,229.1,87,10.31,7.1,7,1.92,2
(510) 110-9892,UT,148,no,no,0,203.0,92,34.51,150.9,125,12.83,245.5,131,11.05,14.6,9,3.94,1
(415) 455-9716,ME,105,no,no,0,156.5,102,26.61,140.2,134,11.92,227.4,111,10.23,12.2,2,3.29,2
(415) 566-9093,NV,129,no,no,0,150.0,98,25.5,232.4,101,19.75,261.2,123,11.75,12.5,6,3.38,1
(415) 512-1748,MI,37,no,no,0,191.4,116,32.54,167.4,99,14.23,216.5,112,9.74,14.0,5,3.78,3
(510) 506-3229,MI,110,no,no,0,18.9,92,3.21,258.4,81,21.96,109.6,74,4.93,14.8,4,4.0,1
(408) 285-2288,VA,90,no,no,0,222.0,93,37.74,187.0,103,15.9,282.3,124,12.7,12.4,6,3.35,2
(415) 422-6409,WA,62,no,no,0,100.0,98,17.0,173.5,95,14.75,218.0,122,9.81,10.1,4,2.73,0
(408) 239-7622,ND,84,no,yes,38,193.0,106,32.81,153.6,106,13.06,260.4,87,11.72,7.4,5,2.0,2
(510) 647-4804,SC,111,no,no,0,78.3,119,13.31,198.2,94,16.85,248.5,94,11.18,12.1,4,3.27,1
(415) 589-5137,MN,91,no,no,0,133.8,61,22.75,158.8,96,13.5,189.6,92,8.53,10.5,2,2.84,1
(415) 326-0936,CO,118,no,yes,36,294.9,106,50.13,165.7,115,14.08,189.2,63,8.51,9.8,5,2.65,3
(510) 431-9891,VT,107,no,no,0,189.7,76,32.25,156.1,65,13.27,244.0,91,10.98,8.3,3,2.24,5
(415) 660-4835,LA,62,no,no,0,186.8,94,31.76,207.6,92,17.65,195.0,98,8.78,8.8,4,2.38,3
(510) 547-5361,SC,41,no,no,0,207.2,138,35.22,214.1,83,18.2,193.0,105,8.69,11.9,4,3.21,1
(415) 105-2455,MT,34,no,yes,14,151.5,100,25.76,248.7,126,21.14,199.8,120,8.99,10.7,5,2.89,2
(415) 834-1876,ND,27,no,no,0,227.4,67,38.66,248.0,115,21.08,61.4,109,2.76,7.8,6,2.11,1
(510) 182-4078,NC,122,no,yes,30,230.1,108,39.12,287.6,76,24.45,177.1,85,7.97,6.9,3,1.86,2
(415) 881-2876,AR,54,no,no,0,247.5,85,42.08,225.4,93,19.16,244.3,132,10.99,10.2,2,2.75,2
(415) 574-1502,NY,122,no,no,0,141.4,128,24.04,146.4,70,12.44,123.0,75,5.54,8.1,4,2.19,0
(408) 325-8356,AL,91,yes,no,0,151.8,115,25.81,103.6,116,8.81,156.3,86,7.03,12.2,4,3.29,1
(415) 687-0674,ND,148,yes,no,0,218.7,111,37.18,155.6,133,13.23,277.4,62,12.48,8.2,5,2.21,1
(415) 282-2925,NE,67,no,yes,41,174.7,86,29.7,160.6,93,13.65,155.3,108,6.99,13.4,1,3.62,0
(510) 605-4069,OR,124,no,no,0,169.3,108,28.78,178.6,91,15.18,242.3,82,10.9,12.2,3,3.29,1
(510) 815-6183,CT,100,yes,no,0,107.2,98,18.22,86.8,122,7.38,156.2,117,7.03,9.7,4,2.62,1
(415) 431-5014,OH,68,yes,yes,24,125.7,92,21.37,275.9,98,23.45,214.5,108,9.65,14.2,6,3.83,3
(510) 925-8155,WV,144,no,yes,38,105.0,86,17.85,121.8,123,10.35,221.5,122,9.97,3.7,4,1.0,0
(415) 559-0746,OH,160,no,no,0,206.3,66,35.07,241.1,109,20.49,227.8,102,10.25,11.7,6,3.16,0
(408) 351-4248,AR,115,no,no,0,268.0,115,45.56,153.6,106,13.06,232.3,65,10.45,17.0,1,4.59,3
(510) 173-5652,DC,130,no,no,0,132.4,81,22.51,200.3,110,17.03,202.5,103,9.11,6.0,1,1.62,2
(415) 677-8730,WA,84,no,no,0,289.1,100,49.15,233.8,97,19.87,223.5,148,10.06,12.7,2,3.43,2
(510) 652-1460,AK,99,no,no,0,238.4,96,40.53,246.5,130,20.95,198.4,117,8.93,12.4,4,3.35,3
(415) 846-7680,OH,106,no,yes,30,220.1,105,37.42,222.2,109,18.89,158.4,96,7.13,13.1,8,3.54,0
(408) 182-0432,TN,39,no,no,0,187.2,110,31.82,114.7,116,9.75,104.7,83,4.71,13.2,5,3.56,1
(408) 384-3160,IN,114,no,no,0,203.8,85,34.65,87.8,110,7.46,166.2,122,7.48,11.7,4,3.16,1
(408) 996-8239,MO,116,no,no,0,51.1,106,8.69,208.6,137,17.73,198.0,92,8.91,12.3,3,3.32,1
(415) 763-2943,OK,52,no,no,0,124.9,131,21.23,300.5,118,25.54,192.5,106,8.66,11.6,4,3.13,2
(415) 175-3266,WY,89,no,no,0,115.4,99,19.62,209.9,115,17.84,280.9,112,12.64,15.9,6,4.29,3
(510) 677-1187,HI,101,no,no,0,70.9,123,12.05,211.9,73,18.01,236.0,73,10.62,10.6,3,2.86,3
(408) 355-4291,LA,94,no,no,0,157.5,97,26.78,224.5,112,19.08,310.8,106,13.99,11.1,6,3.0,0
(510) 760-4974,AR,113,no,yes,39,209.8,77,35.67,164.1,90,13.95,159.7,100,7.19,9.0,4,2.43,1
(415) 757-1077,ND,108,no,no,0,112.6,86,19.14,114.9,101,9.77,177.8,119,8.0,7.2,6,1.94,3
(408) 946-5157,DE,60,no,no,0,207.3,77,35.24,207.9,105,17.67,108.2,89,4.87,12.9,5,3.48,1
(415) 390-0439,NV,111,no,yes,35,161.2,142,27.4,159.1,104,13.52,167.9,98,7.56,14.7,5,3.97,1
(415) 103-6775,DE,42,no,yes,31,170.8,101,29.04,233.4,104,19.84,174.2,121,7.84,11.0,3,2.97,2
(510) 647-3967,WY,60,yes,yes,37,189.9,125,32.28,110.4,107,9.38,210.7,115,9.48,9.1,5,2.46,3
(510) 985-6322,VT,178,no,no,0,179.7,112,30.55,276.6,91,23.51,169.7,101,7.64,10.1,7,2.73,3
(408) 785-4985,VT,77,no,yes,36,172.2,88,29.27,161.6,112,13.74,259.7,115,11.69,11.8,4,3.19,2
(408) 906-2857,TX,73,no,no,0,195.3,97,33.2,96.8,89,8.23,243.1,84,10.94,16.2,13,4.37,1
(408) 964-6286,MD,106,no,yes,22,218.6,83,37.16,244.4,70,20.77,132.4,99,5.96,9.1,6,2.46,1
(510) 694-4076,ME,57,no,no,0,155.2,99,26.38,214.1,98,18.2,241.0,64,10.85,7.5,7,2.03,1
(415) 868-8934,AL,117,no,no,0,198.5,75,33.75,179.8,92,15.28,234.1,119,10.53,10.6,6,2.86,0
(415) 283-3452,AL,132,no,no,0,200.0,104,34.0,149.6,101,12.72,137.1,110,6.17,18.9,2,5.1,1
(408) 249-8420,NJ,113,yes,no,0,122.4,98,20.81,223.8,116,19.02,267.5,148,12.04,11.6,5,3.13,3
(408) 888-3655,ND,128,no,no,0,102.5,87,17.43,177.2,97,15.06,226.0,119,10.17,8.7,5,2.35,1
(415) 259-6320,SC,84,no,no,0,274.1,119,46.6,144.1,123,12.25,268.2,100,12.07,9.9,5,2.67,2
(510) 358-0239,LA,92,no,no,0,87.6,89,14.89,172.3,133,14.65,153.4,88,6.9,8.0,4,2.16,1
(415) 603-3113,FL,119,no,yes,37,168.2,81,28.59,283.3,105,24.08,243.8,136,10.97,10.7,3,2.89,1
(415) 911-8568,NC,118,no,no,0,256.5,115,43.61,135.3,79,11.5,208.3,131,9.37,7.5,5,2.03,0
(408) 236-5854,MA,117,no,no,0,240.2,110,40.83,187.9,65,15.97,152.7,102,6.87,7.0,19,1.89,3
(415) 730-1586,MT,57,no,no,0,234.4,120,39.85,155.3,120,13.2,130.5,103,5.87,9.4,4,2.54,1
(408) 507-4512,VT,33,no,yes,33,221.4,110,37.64,276.1,86,23.47,222.9,102,10.03,10.1,4,2.73,1
(415) 995-8193,NC,110,yes,no,0,135.1,99,22.97,227.3,123,19.32,176.0,110,7.92,13.2,4,3.56,1
(415) 890-2195,NH,145,no,no,0,170.5,101,28.99,206.5,112,17.55,194.3,106,8.74,9.8,1,2.65,3
(510) 280-6385,WV,113,no,yes,28,264.4,93,44.95,222.8,79,18.94,213.7,88,9.62,10.0,4,2.7,1
(408) 688-2607,DC,170,no,yes,34,125.3,128,21.3,240.6,104,20.45,243.4,109,10.95,7.0,3,1.89,3
(415) 372-6849,CT,101,no,no,0,164.6,85,27.98,204.9,72,17.42,136.4,104,6.14,11.5,5,3.11,0
(408) 228-4274,GA,96,no,yes,26,126.5,108,21.51,123.8,114,10.52,308.5,98,13.88,13.1,6,3.54,2
(510) 339-1955,KS,131,no,no,0,195.6,93,33.25,245.0,100,20.83,104.7,97,4.71,13.2,6,3.56,2
(510) 468-5058,AZ,130,no,yes,22,173.9,90,29.56,234.8,86,19.96,121.8,79,5.48,8.4,5,2.27,1
(408) 231-3333,NJ,143,yes,no,0,186.9,98,31.77,196.5,110,16.7,215.3,104,9.69,12.3,3,3.32,4
(510) 765-9525,WA,114,yes,no,0,115.6,93,19.65,163.2,78,13.87,251.3,104,11.31,9.7,1,2.62,2
(415) 124-2055,MS,57,no,yes,36,244.5,94,41.57,161.2,113,13.7,184.3,105,8.29,9.7,3,2.62,1
(415) 682-7608,AL,97,no,no,0,164.3,106,27.93,182.3,97,15.5,183.9,93,8.28,12.1,2,3.27,1
(415) 707-7579,AK,144,no,yes,38,276.3,149,46.97,252.0,112,21.42,132.5,85,5.96,8.7,3,2.35,1
(510) 300-2095,AR,97,no,yes,32,172.7,79,29.36,217.4,101,18.48,260.7,88,11.73,11.7,5,3.16,1
(415) 335-4050,VA,150,no,yes,29,235.8,91,40.09,202.8,84,17.24,246.3,81,11.08,11.9,4,3.21,1
(510) 458-9927,DC,17,no,yes,30,280.0,101,47.6,258.9,85,22.01,230.0,130,10.35,10.3,2,2.78,3
(415) 994-5196,NY,101,no,no,0,229.8,97,39.07,217.8,133,18.51,243.5,53,10.96,8.9,2,2.4,1
(415) 762-1482,OH,163,no,no,0,241.6,102,41.07,138.9,100,11.81,148.8,129,6.7,9.8,6,2.65,1
(415) 794-5025,OH,176,no,yes,31,167.0,93,28.39,174.1,128,14.8,155.0,124,6.98,10.4,4,2.81,3
(408) 677-6485,IN,66,no,no,0,241.7,112,41.09,251.6,78,21.39,105.0,82,4.72,11.3,2,3.05,2
(415) 217-1984,SC,136,no,no,0,88.5,112,15.05,279.5,98,23.76,278.0,69,12.51,7.5,12,2.03,1
(415) 537-4543,WA,93,no,no,0,214.4,112,36.45,261.5,97,22.23,280.8,112,12.64,14.8,3,4.0,0
(415) 229-3142,MN,126,no,no,0,152.4,94,25.91,166.2,91,14.13,199.2,84,8.96,10.2,1,2.75,1
(415) 595-6235,VT,149,no,no,0,194.9,108,33.13,187.1,102,15.9,174.9,168,7.87,8.2,4,2.21,4
(415) 480-6818,WA,62,no,no,0,166.9,76,28.37,223.6,113,19.01,188.9,87,8.5,14.2,5,3.83,1
(408) 387-2157,KS,48,no,yes,26,192.9,60,32.79,179.2,87,15.23,185.5,137,8.35,18.7,7,5.05,0
(510) 891-0152,CA,90,no,yes,22,187.9,121,31.94,209.9,101,17.84,256.7,102,11.55,10.4,5,2.81,2
(415) 282-1600,OK,177,no,yes,21,234.0,108,39.78,238.0,61,20.23,201.9,125,9.09,8.8,4,2.38,0
(415) 763-6795,VA,25,yes,no,0,211.7,51,35.99,225.2,74,19.14,197.4,95,8.88,12.0,3,3.24,0
(415) 639-0299,DE,82,yes,yes,41,116.9,74,19.87,228.2,115,19.4,251.4,89,11.31,9.9,8,2.67,1
(510) 116-3149,FL,89,no,no,0,215.9,106,36.7,211.1,89,17.94,252.9,106,11.38,8.8,4,2.38,0
(510) 553-5688,DC,41,no,no,0,208.0,83,35.36,199.4,110,16.95,173.5,91,7.81,14.9,3,4.02,1
(510) 607-7166,WA,166,no,no,0,156.8,100,26.66,171.5,93,14.58,149.1,97,6.71,11.2,10,3.02,1
(415) 669-6655,AK,68,no,no,0,172.3,135,29.29,190.2,93,16.17,297.6,84,13.39,10.4,2,2.81,1
(415) 283-9824,OH,184,no,no,0,167.2,133,28.42,162.1,123,13.78,156.9,81,7.06,9.5,4,2.57,1
(408) 897-1850,AZ,68,no,no,0,172.5,115,29.33,221.9,126,18.86,170.9,98,7.69,6.8,8,1.84,4
(408) 452-2160,AL,130,no,no,0,289.1,79,49.15,150.1,106,12.76,163.4,98,7.35,13.5,4,3.65,1
(415) 629-8544,MN,151,no,yes,31,240.7,102,40.92,106.5,96,9.05,195.7,128,8.81,10.6,2,2.86,2
(415) 715-3323,TN,127,yes,no,0,220.7,100,37.52,170.2,89,14.47,278.4,73,12.53,15.0,4,4.05,3
(415) 380-0820,OH,160,no,no,0,237.1,126,40.31,238.4,127,20.26,181.3,100,8.16,10.7,8,2.89,2
(415) 608-0385,VA,144,no,no,0,97.9,119,16.64,171.3,88,14.56,169.9,83,7.65,7.4,4,2.0,0
(510) 222-1188,ID,45,yes,yes,40,179.0,114,30.43,272.6,99,23.17,67.1,80,3.02,10.8,3,2.92,3
(408) 718-3921,WY,111,no,no,0,165.5,72,28.14,228.9,73,19.46,169.7,103,7.64,9.7,6,2.62,2
(415) 888-3042,MN,167,yes,no,0,143.7,108,24.43,75.6,111,6.43,217.9,99,9.81,9.9,4,2.67,0
(408) 818-8508,WY,88,no,no,0,166.4,97,28.29,186.7,118,15.87,251.6,89,11.32,14.5,4,3.92,0
(415) 619-3915,NE,23,no,no,0,155.6,122,26.45,223.8,82,19.02,50.9,130,2.29,10.6,3,2.86,4
(415) 942-5713,FL,151,no,no,0,175.7,91,29.87,152.3,127,12.95,140.0,88,6.3,10.7,10,2.89,1
(415) 205-7292,MT,138,no,no,0,216.0,106,36.72,207.6,110,17.65,180.0,102,8.1,11.2,4,3.02,0
(510) 530-0644,AZ,114,no,no,0,326.1,119,55.44,161.0,105,13.69,220.1,129,9.9,11.0,3,2.97,1
(408) 793-4429,AR,154,no,no,0,283.6,115,48.21,181.3,103,15.41,306.1,60,13.77,8.8,5,2.38,0
(408) 558-4281,DC,91,no,no,0,167.5,77,28.48,175.2,113,14.89,233.5,85,10.51,16.1,5,4.35,2
(510) 897-1852,NJ,88,no,no,0,143.3,97,24.36,170.7,81,14.51,195.3,89,8.79,11.4,5,3.08,2
(415) 253-6885,NH,15,yes,no,0,224.3,85,38.13,166.3,79,14.14,187.0,117,8.41,11.7,3,3.16,1
(415) 308-4374,CO,43,no,no,0,184.8,114,31.42,130.6,131,11.1,175.0,69,7.88,8.0,9,2.16,0
(510) 313-2272,TN,53,no,no,0,100.2,85,17.03,213.8,90,18.17,299.8,67,13.49,7.7,4,2.08,3
(415) 117-9528,NH,116,no,no,0,215.6,127,36.65,105.5,110,8.97,291.7,80,13.13,11.2,7,3.02,3
(415) 587-0403,MO,162,yes,no,0,147.6,126,25.09,284.1,84,24.15,170.2,87,7.66,8.1,7,2.19,0
(408) 288-7980,MI,142,no,no,0,245.1,66,41.67,144.6,109,12.29,227.3,112,10.23,3.1,4,0.84,1
(408) 645-1222,NE,169,no,no,0,135.7,111,23.07,223.0,124,18.96,167.5,101,7.54,9.5,4,2.57,1
(510) 451-9024,KY,158,no,yes,22,192.9,86,32.79,219.7,104,18.67,169.3,92,7.62,10.9,3,2.94,2
(510) 839-0041,MI,103,no,yes,29,211.6,111,35.97,237.9,84,20.22,209.4,93,9.42,14.0,7,3.78,2
(510) 113-8052,NE,63,no,no,0,81.7,105,13.89,203.0,66,17.26,181.2,109,8.15,12.9,3,3.48,2
(510) 247-9949,ID,40,no,no,0,146.4,105,24.89,196.4,143,16.69,235.6,123,10.6,9.4,3,2.54,3
(415) 172-2499,WY,117,no,no,0,234.8,118,39.92,211.7,112,17.99,147.0,97,6.61,7.5,3,2.03,2
(415) 233-7513,WV,128,no,no,0,140.3,108,23.85,235.3,111,20.0,200.8,57,9.04,11.8,6,3.19,1
(510) 998-2870,IA,111,no,yes,33,168.1,97,28.58,204.0,88,17.34,260.9,97,11.74,15.1,3,4.08,1
(510) 471-3787,ME,167,no,yes,30,195.8,118,33.29,166.4,109,14.14,297.4,84,13.38,11.7,2,3.16,0
(415) 610-0144,PA,54,no,no,0,230.2,89,39.13,148.7,110,12.64,255.6,139,11.5,8.1,3,2.19,4
(408) 416-1436,NY,115,no,yes,30,181.2,65,30.8,193.2,62,16.42,153.2,92,6.89,9.9,6,2.67,2
(415) 584-1302,CA,112,no,no,0,105.3,101,17.9,187.2,92,15.91,206.4,101,9.29,11.1,2,3.0,4
(415) 151-3756,VA,94,no,no,0,208.1,72,35.38,188.0,79,15.98,162.0,96,7.29,4.6,5,1.24,2
(408) 521-6509,MO,87,no,no,0,156.0,70,26.52,160.5,89,13.64,206.6,112,9.3,7.1,3,1.92,4
(415) 391-4521,NE,11,no,no,0,136.6,111,23.22,80.6,78,6.85,201.7,77,9.08,9.9,4,2.67,0
(510) 859-3441,MA,192,no,no,0,174.5,83,29.67,232.7,102,19.78,101.5,68,4.57,12.4,4,3.35,1
(408) 319-2649,AR,124,no,no,0,192.6,108,32.74,223.3,106,18.98,187.0,84,8.41,4.2,2,1.13,1
(510) 251-2984,SC,97,no,no,0,164.2,97,27.91,232.2,85,19.74,198.8,118,8.95,6.5,3,1.76,1
(510) 686-9121,VA,93,yes,no,0,172.4,133,29.31,205.6,77,17.48,245.8,126,11.06,9.1,9,2.46,1
(408) 560-1612,IL,103,no,no,0,205.2,74,34.88,200.8,97,17.07,251.1,94,11.3,11.2,1,3.02,1
(510) 142-0165,NH,75,no,no,0,192.0,106,32.64,140.4,97,11.93,190.1,94,8.55,7.6,5,2.05,2
(408) 379-4984,KY,70,no,no,0,156.6,82,26.62,193.1,112,16.41,179.8,108,8.09,12.6,1,3.4,1
(408) 466-6747,GA,84,yes,yes,18,136.8,114,23.26,200.3,110,17.03,199.0,86,8.96,8.0,4,2.16,3
(408) 106-8238,SD,129,no,no,0,52.2,93,8.87,128.8,117,10.95,141.7,63,6.38,9.4,12,2.54,1
(415) 138-2784,NJ,38,no,no,0,228.3,129,38.81,141.9,83,12.06,268.6,116,12.09,9.7,3,2.62,2
(408) 212-9189,NM,170,no,no,0,215.4,94,36.62,138.2,97,11.75,237.1,117,10.67,12.5,5,3.38,1
(408) 758-2794,HI,72,no,no,0,153.8,64,26.15,304.4,106,25.87,185.0,125,8.32,8.4,5,2.27,1
(408) 677-0578,GA,111,yes,no,0,159.4,47,27.1,269.3,53,22.89,179.8,103,8.09,13.7,2,3.7,2
(415) 505-2788,TX,98,yes,no,0,172.5,118,29.33,198.5,107,16.87,230.2,105,10.36,12.6,3,3.4,1
(408) 126-5228,SC,94,no,no,0,229.2,103,38.96,163.9,133,13.93,190.1,67,8.55,7.4,6,2.0,3
(415) 663-5352,NJ,82,no,yes,33,247.4,106,42.06,167.1,110,14.2,207.6,113,9.34,6.8,1,1.84,5
(510) 731-3675,AZ,102,no,yes,29,158.2,132,26.89,250.6,47,21.3,219.3,86,9.87,15.1,4,4.08,1
(415) 755-4533,AR,103,no,yes,22,219.0,126,37.23,311.9,126,26.51,197.0,112,8.87,9.0,8,2.43,3
(510) 212-2975,MD,156,no,no,0,81.7,133,13.89,242.5,117,20.61,203.8,112,9.17,12.3,6,3.32,3
(510) 289-5752,MS,109,yes,no,0,186.5,106,31.71,190.3,103,16.18,168.5,128,7.58,10.5,6,2.84,2
(408) 783-0413,NJ,117,no,no,0,185.6,115,31.55,174.8,83,14.86,188.2,122,8.47,6.7,4,1.81,4
(510) 434-8284,GA,26,no,no,0,83.2,93,14.14,199.5,64,16.96,242.6,112,10.92,10.7,4,2.89,1
(415) 101-5363,AR,121,no,no,0,123.6,113,21.01,229.4,85,19.5,242.9,97,10.93,10.3,4,2.78,0
(415) 758-5237,AL,185,no,no,0,158.5,93,26.95,294.7,69,25.05,146.2,116,6.58,16.6,3,4.48,0
(510) 741-1776,CO,103,no,yes,40,140.3,52,23.85,245.6,114,20.88,111.7,86,5.03,11.1,6,3.0,1
(510) 185-0016,LA,76,no,no,0,156.3,117,26.57,115.7,53,9.83,316.4,121,14.24,6.8,4,1.84,1
(408) 791-1427,RI,69,no,no,0,198.8,141,33.8,203.7,110,17.31,177.1,109,7.97,15.2,2,4.1,4
(510) 745-8045,MS,53,no,no,0,198.3,100,33.71,304.2,93,25.86,131.5,85,5.92,9.2,5,2.48,2
(408) 249-6170,NM,138,no,yes,12,114.5,100,19.47,175.1,130,14.88,112.7,85,5.07,7.8,5,2.11,0
(415) 133-9500,NJ,116,no,no,0,154.0,127,26.18,280.4,68,23.83,213.0,56,9.58,8.6,2,2.32,6
(415) 326-2793,ID,49,no,no,0,101.7,71,17.29,223.2,102,18.97,182.1,112,8.19,7.3,3,1.97,3
(415) 864-3024,WI,118,no,no,0,142.2,96,24.17,164.9,107,14.02,183.7,92,8.27,7.1,4,1.92,1
(415) 731-2714,DE,67,no,no,0,164.5,79,27.97,110.3,108,9.38,203.9,102,9.18,9.8,2,2.65,1
(415) 543-0340,RI,131,no,no,0,131.3,39,22.32,242.9,101,20.65,278.8,100,12.55,8.5,2,2.3,2
(415) 266-1903,MA,100,no,no,0,167.2,100,28.42,141.2,87,12.0,251.3,76,11.31,6.1,6,1.65,3
(415) 826-8137,DE,122,no,no,0,184.6,88,31.38,148.8,98,12.65,309.7,58,13.94,14.3,2,3.86,3
(415) 637-2510,OH,4,yes,no,0,169.7,96,28.85,131.8,94,11.2,245.1,86,11.03,14.2,4,3.83,0
(415) 168-6490,MN,31,no,no,0,224.5,96,38.17,191.2,72,16.25,214.5,100,9.65,9.1,1,2.46,2
(415) 845-5092,WV,114,no,no,0,247.8,95,42.13,255.1,98,21.68,224.1,105,10.08,9.5,6,2.57,1
(415) 287-5196,MT,149,no,no,0,244.2,83,41.51,262.0,72,22.27,144.5,113,6.5,7.0,4,1.89,1
(408) 474-4640,DC,86,no,no,0,178.3,94,30.31,264.4,74,22.47,284.6,109,12.81,15.0,2,4.05,0
(415) 300-4524,OH,141,no,no,0,215.8,79,36.69,112.7,85,9.58,221.8,109,9.98,5.6,4,1.51,2
(415) 774-1984,KY,127,no,no,0,264.5,75,44.97,179.2,91,15.23,141.9,93,6.39,8.0,1,2.16,1
(415) 231-3216,MD,131,no,no,0,212.8,108,36.18,212.0,115,18.02,235.9,96,10.62,9.8,11,2.65,0
(408) 658-0763,SD,124,yes,yes,29,187.1,75,31.81,148.5,142,12.62,214.4,124,9.65,5.5,7,1.49,2
(408) 161-4602,NY,148,no,no,0,236.5,84,40.21,236.0,95,20.06,228.6,124,10.29,8.3,6,2.24,2
(415) 377-5232,TX,72,yes,no,0,286.1,101,48.64,306.1,94,26.02,232.8,89,10.48,10.3,1,2.78,4
(510) 511-9430,MO,97,no,no,0,80.7,99,13.72,262.3,93,22.3,214.6,130,9.66,8.8,3,2.38,0
(510) 589-9284,KY,59,no,no,0,155.5,92,26.44,192.3,104,16.35,123.3,106,5.55,10.5,3,2.84,4
(510) 279-4483,TX,112,no,no,0,242.1,69,41.16,235.2,150,19.99,237.7,106,10.7,10.0,5,2.7,3
(415) 599-6626,MI,126,no,no,0,175.6,91,29.85,151.1,100,12.84,201.5,100,9.07,9.9,2,2.67,1
(510) 725-4644,IN,91,yes,no,0,103.2,100,17.54,124.8,154,10.61,336.1,111,15.12,14.0,4,3.78,2
(408) 155-5166,NM,109,no,yes,40,99.7,116,16.95,140.3,117,11.93,221.3,76,9.96,13.9,5,3.75,3
(510) 885-0887,TX,77,no,no,0,136.5,95,23.21,182.6,102,15.52,233.6,93,10.51,9.9,10,2.67,1
(510) 348-4483,WV,133,no,yes,24,125.5,106,21.34,161.2,95,13.7,209.1,112,9.41,15.0,4,4.05,2
(415) 358-8998,WA,238,no,no,0,202.0,60,34.34,213.9,105,18.18,266.4,90,11.99,12.0,1,3.24,2
(415) 313-4241,ND,120,no,no,0,174.1,108,29.6,209.6,96,17.82,267.5,99,12.04,11.6,2,3.13,0
(408) 642-5333,MO,132,no,no,0,213.6,125,36.31,133.9,54,11.38,332.2,104,14.95,7.5,2,2.03,4
(510) 358-1458,MS,78,yes,no,0,198.9,93,33.81,210.6,86,17.9,252.1,99,11.34,14.4,12,3.89,0
(415) 329-4620,OR,123,no,yes,38,202.3,104,34.39,292.4,105,24.85,239.3,63,10.77,11.2,1,3.02,3
(415) 259-8021,NH,131,no,no,0,227.7,134,38.71,162.7,88,13.83,279.4,90,12.57,8.9,7,2.4,4
(408) 498-6723,SD,39,no,no,0,179.0,88,30.43,148.2,124,12.6,146.8,116,6.61,8.8,4,2.38,2
(415) 768-3755,SC,95,no,no,0,226.6,98,38.52,88.5,107,7.52,166.2,105,7.48,11.9,3,3.21,2
(415) 983-4601,WA,82,no,no,0,313.6,110,53.31,263.2,104,22.37,139.0,93,6.26,7.5,5,2.03,1
(510) 664-4667,MD,78,no,no,0,238.9,96,40.61,196.1,92,16.67,102.4,95,4.61,11.0,1,2.97,6
(415) 458-0702,ND,109,no,no,0,101.8,105,17.31,348.9,107,29.66,233.2,150,10.49,7.5,5,2.03,1
(510) 944-7352,NH,106,no,no,0,170.6,116,29.0,259.1,115,22.02,214.2,111,9.64,9.6,13,2.59,1
(408) 848-1190,ND,148,yes,no,0,136.8,112,23.26,197.5,134,16.79,93.2,90,4.19,10.3,5,2.78,2
(408) 910-0492,AK,141,no,yes,43,157.8,122,26.83,132.3,108,11.25,137.1,81,6.17,5.6,2,1.51,2
(415) 734-3277,WA,60,no,yes,31,223.6,83,38.01,235.6,77,20.03,153.0,119,6.89,4.7,8,1.27,4
(415) 642-1822,ME,90,no,no,0,189.1,104,32.15,313.9,124,26.68,227.9,128,10.26,8.2,2,2.21,1
(408) 972-7080,IL,233,no,no,0,137.3,94,23.34,232.4,87,19.75,206.0,105,9.27,9.8,4,2.65,1
(415) 794-0674,MT,111,no,no,0,226.3,82,38.47,178.9,101,15.21,181.5,90,8.17,8.9,4,2.4,0
(415) 129-3103,IN,55,no,yes,33,141.0,99,23.97,250.9,109,21.33,284.6,89,12.81,11.7,3,3.16,0
(408) 656-0317,MA,86,no,no,0,118.6,106,20.16,223.5,115,19.0,94.7,12,4.26,13.3,1,3.59,2
(510) 995-1993,RI,76,no,yes,40,177.9,85,30.24,119.3,95,10.14,140.5,83,6.32,10.3,1,2.78,2
(408) 596-2138,IA,67,no,no,0,177.4,102,30.16,215.2,123,18.29,132.4,120,5.96,6.6,4,1.78,4
(415) 659-1027,WY,116,no,yes,42,280.4,95,47.67,174.4,101,14.82,190.0,65,8.55,9.9,1,2.67,3
(415) 155-0670,DC,19,no,no,0,184.5,131,31.37,201.3,87,17.11,188.9,114,8.5,13.1,10,3.54,1
(415) 414-7195,WV,104,no,no,0,185.1,91,31.47,227.3,115,19.32,198.5,79,8.93,12.7,10,3.43,2
(408) 378-6976,WY,140,no,no,0,151.5,106,25.76,175.7,125,14.93,214.1,87,9.63,12.4,9,3.35,3
(510) 835-1649,ME,62,no,no,0,211.3,100,35.92,228.4,91,19.41,217.1,77,9.77,6.3,5,1.7,0
(415) 963-1110,MD,119,no,no,0,209.4,125,35.6,286.3,91,24.34,208.6,73,9.39,8.1,4,2.19,2
(415) 523-4844,NJ,126,no,no,0,261.6,83,44.47,192.9,133,16.4,246.9,50,11.11,7.3,3,1.97,4
(415) 425-4099,WY,81,no,no,0,165.2,109,28.08,170.6,96,14.5,205.0,74,9.23,9.9,4,2.67,0
(510) 961-0100,HI,47,yes,no,0,135.0,108,22.95,176.3,111,14.99,144.6,96,6.51,10.5,1,2.84,1
(510) 741-7728,MO,128,no,no,0,221.0,109,37.57,219.0,107,18.62,229.4,113,10.32,8.6,5,2.32,3
(415) 250-7837,AL,123,no,no,0,132.6,100,22.54,198.8,102,16.9,168.9,105,7.6,0.0,0,0.0,1
(408) 840-9533,GA,84,no,no,0,127.7,81,21.71,188.4,84,16.01,260.0,125,11.7,4.7,6,1.27,1
(510) 217-2754,UT,124,no,no,0,234.2,110,39.81,199.0,121,16.92,246.4,135,11.09,7.1,4,1.92,0
(408) 728-4937,MN,162,no,no,0,221.9,66,37.72,112.7,109,9.58,176.5,141,7.94,10.7,6,2.89,1
(415) 663-4907,ME,82,no,yes,23,249.4,117,42.4,195.8,100,16.64,162.2,94,7.3,12.3,2,3.32,1
(415) 926-9187,KS,158,yes,no,0,200.0,98,34.0,205.4,106,17.46,323.7,96,14.57,8.9,2,2.4,0
(510) 725-0487,WY,46,yes,yes,27,170.9,73,29.05,184.7,77,15.7,130.8,94,5.89,6.1,7,1.65,2
(415) 700-5829,HI,33,no,no,0,200.5,117,34.09,159.9,111,13.59,196.2,84,8.83,16.3,6,4.4,3
(415) 725-0028,MN,76,no,no,0,168.4,74,28.63,161.0,83,13.69,147.4,117,6.63,8.0,4,2.16,1
(408) 684-3640,VT,67,no,yes,33,127.5,126,21.68,296.1,129,25.17,200.9,91,9.04,13.0,3,3.51,1
(510) 113-6129,OH,43,no,no,0,203.5,125,34.6,116.4,92,9.89,184.4,118,8.3,13.6,5,3.67,1
(415) 142-4747,CO,102,yes,no,0,78.4,117,13.33,214.7,113,18.25,119.5,75,5.38,7.2,5,1.94,0
(415) 946-0119,NJ,136,yes,yes,22,160.3,115,27.25,273.2,88,23.22,203.2,89,9.14,11.7,2,3.16,0
(510) 614-1515,CA,91,no,no,0,172.5,56,29.33,276.5,70,23.5,180.9,90,8.14,6.9,2,1.86,3
(415) 907-4398,WI,67,no,no,0,166.6,102,28.32,226.3,110,19.24,147.2,121,6.62,9.1,6,2.46,3
(510) 224-1082,UT,43,no,yes,24,207.0,109,35.19,181.7,100,15.44,148.7,111,6.69,5.7,6,1.54,1
(415) 292-9228,AR,71,no,yes,27,151.2,118,25.7,228.0,82,19.38,169.8,113,7.64,5.6,17,1.51,0
(510) 584-4493,WA,124,no,no,0,178.8,64,30.4,226.0,118,19.21,240.5,89,10.82,5.5,4,1.49,2
(415) 904-4888,NC,172,no,no,0,136.0,90,23.12,184.0,89,15.64,137.5,48,6.19,5.5,3,1.49,0
(408) 195-6883,WY,120,no,no,0,169.0,87,28.73,111.1,93,9.44,118.7,102,5.34,12.2,3,3.29,3
(408) 447-1737,RI,105,no,no,0,104.2,75,17.71,272.9,91,23.2,187.2,107,8.42,9.2,2,2.48,1
(415) 483-5534,KY,122,no,no,0,273.8,94,46.55,237.1,131,20.15,295.9,89,13.32,10.4,2,2.81,3
(408) 136-0208,AL,152,no,no,0,142.8,106,24.28,230.5,87,19.59,212.8,74,9.58,7.2,8,1.94,0
(408) 210-1308,SD,60,no,yes,43,179.9,100,30.58,245.1,71,20.83,225.7,114,10.16,11.4,4,3.08,2
(415) 810-8166,OK,51,no,no,0,86.4,102,14.69,202.1,113,17.18,113.0,84,5.09,11.9,6,3.21,2
(415) 453-6108,MT,39,no,no,0,196.2,105,33.35,306.8,111,26.08,201.5,110,9.07,6.9,11,1.86,0
(415) 753-0067,CA,126,no,no,0,97.0,96,16.49,213.1,79,18.11,322.2,79,14.5,10.8,3,2.92,5
(415) 501-6511,AZ,148,no,no,0,168.7,125,28.68,208.5,79,17.72,184.1,86,8.28,6.8,6,1.84,2
(415) 557-3605,GA,84,no,no,0,172.3,92,29.29,224.2,96,19.06,223.4,100,10.05,9.7,1,2.62,2
(408) 688-5154,NE,67,no,no,0,144.7,91,24.6,219.6,106,18.67,233.5,98,10.51,12.6,8,3.4,1
(510) 953-5192,IN,104,no,yes,44,163.2,69,27.74,271.7,107,23.09,175.6,109,7.9,9.9,2,2.67,3
(510) 910-8633,LA,76,no,yes,17,234.9,111,39.93,255.4,143,21.71,194.6,80,8.76,15.4,3,4.16,1
(408) 549-7792,SD,69,no,yes,33,170.2,113,28.93,192.4,69,16.35,112.0,108,5.04,13.0,1,3.51,2
(415) 847-1797,AZ,126,no,no,0,284.0,92,48.28,199.7,78,16.97,203.4,141,9.15,6.6,2,1.78,1
(408) 102-7082,MA,103,no,no,0,170.6,79,29.0,144.8,126,12.31,193.6,102,8.71,6.0,3,1.62,0
(415) 585-0364,AK,121,no,no,0,203.9,126,34.66,267.3,107,22.72,221.9,72,9.99,10.5,2,2.84,3
(415) 463-2820,GA,56,no,no,0,245.5,39,41.74,231.8,116,19.7,156.9,68,7.06,10.1,10,2.73,5
(415) 485-8337,PA,96,no,yes,28,66.6,147,11.32,297.0,121,25.25,144.2,106,6.49,13.0,3,3.51,2
(415) 241-5571,MS,90,no,yes,32,194.0,83,32.98,151.7,111,12.89,205.8,111,9.26,9.3,4,2.51,1
(510) 342-3935,AR,112,no,no,0,136.1,95,23.14,163.8,111,13.92,157.2,118,7.07,8.9,5,2.4,1
(415) 141-5154,TX,14,no,no,0,271.9,104,46.22,171.4,104,14.57,239.2,111,10.76,13.8,4,3.73,2
(510) 190-1212,MS,95,no,yes,44,173.3,114,29.46,152.3,78,12.95,144.4,118,6.5,12.3,3,3.32,2
(408) 868-6759,PA,78,no,yes,28,246.0,136,41.82,147.5,99,12.54,118.8,99,5.35,4.0,2,1.08,2
(510) 142-6131,VT,122,no,no,0,216.5,60,36.81,250.3,140,21.28,247.0,99,11.12,5.7,6,1.54,2
(415) 510-4999,IL,85,no,no,0,187.0,95,31.79,163.6,136,13.91,212.3,105,9.55,7.9,2,2.13,2
(415) 123-6171,VA,52,yes,yes,27,207.5,92,35.28,182.8,92,15.54,189.0,68,8.5,9.8,3,2.65,2
(415) 354-7420,KS,136,no,no,0,232.9,119,39.59,191.0,103,16.24,222.5,59,10.01,10.7,3,2.89,0
(510) 909-6922,SC,139,no,no,0,201.8,121,34.31,238.6,89,20.28,174.1,151,7.83,13.5,4,3.65,1
(510) 722-9971,ME,122,no,no,0,265.7,130,45.17,47.3,116,4.02,140.3,103,6.31,8.7,1,2.35,3
(415) 581-8612,NM,155,no,no,0,281.6,103,47.87,152.7,82,12.98,196.8,86,8.86,7.4,3,2.0,2
(408) 753-1990,ND,152,no,no,0,298.1,113,50.68,228.0,119,19.38,228.1,98,10.26,8.2,4,2.21,4
(415) 198-7731,PA,71,no,no,0,232.7,97,39.56,208.2,85,17.7,194.3,113,8.74,10.2,7,2.75,1
(408) 810-5008,MA,110,no,no,0,272.5,113,46.33,288.9,113,24.56,172.4,96,7.76,10.1,5,2.73,2
(415) 304-9110,MT,109,no,no,0,136.2,103,23.15,177.8,132,15.11,263.4,135,11.85,8.3,3,2.24,1
(408) 802-7931,OK,122,no,no,0,189.9,87,32.28,193.9,118,16.48,177.4,114,7.98,15.6,2,4.21,0
(408) 546-0862,PA,121,no,no,0,245.9,113,41.8,210.8,94,17.92,187.9,108,8.46,10.4,8,2.81,1
(408) 728-4814,NH,41,no,yes,43,158.9,96,27.01,280.4,117,23.83,216.5,97,9.74,10.8,4,2.92,2
(510) 879-9812,WV,102,no,no,0,145.8,59,24.79,223.1,109,18.96,219.2,104,9.86,9.8,3,2.65,0
(415) 814-5052,AR,73,no,no,0,184.7,109,31.4,161.3,108,13.71,148.8,103,6.7,11.3,4,3.05,2
(415) 983-3415,GA,130,no,no,0,119.4,99,20.3,226.3,97,19.24,202.7,111,9.12,11.3,7,3.05,0
(408) 296-2142,WA,73,no,no,0,177.2,118,30.12,270.5,84,22.99,241.8,112,10.88,12.3,2,3.32,3
(415) 472-4544,WV,152,no,no,0,184.2,90,31.31,256.8,73,21.83,213.6,113,9.61,14.7,2,3.97,3
(415) 694-7065,DC,61,no,no,0,140.6,89,23.9,172.8,128,14.69,212.4,97,9.56,13.6,4,3.67,1
(510) 877-4015,DC,109,no,no,0,188.8,67,32.1,171.7,92,14.59,224.4,89,10.1,8.5,6,2.3,0
